#ifndef __GUITAR_H__
#define __GUITAR_H__

#include <stdint.h>

const uint16_t guitar_data[16384] = {
  0xFFFF, 0xFFFF, 0xFFFF, 0xFFFF, 0xFFFF, 0xFFFF, 0xFFFF, 0xFFFF, 0xFFFF, 0xFFFF, 0xFFFF, 0xFFFF, 0xFFFF, 0xFFFF, 0xFFFF, 0xFFFF, 
  0xFFFF, 0xFFFF, 0xFFFF, 0xFFFF, 0xFFFF, 0xFFFF, 0xFFFF, 0xFFFF, 0xFFFF, 0xFFFF, 0xFFFF, 0xFFFF, 0xFFFF, 0xFFFF, 0xFFFF, 0xFFFF, 
  0xFFFF, 0xFFFF, 0xFFFF, 0xFFFF, 0xFFFF, 0xFFFF, 0xFFFF, 0xFFFF, 0xFFFF, 0xFFFF, 0xFFFF, 0xFFFF, 0xFFFF, 0xFFFF, 0xFFFF, 0xFFFF, 
  0xFFFF, 0xFFFF, 0xFFFF, 0xFFFF, 0xFFFF, 0xFFFF, 0xFFFF, 0xFFFF, 0xFFFF, 0xFFFF, 0xFFFF, 0xFFFF, 0xFFFF, 0xFFFF, 0xFFFF, 0xFFFF, 
  0xFFFF, 0xFFDF, 0xFFFF, 0xF79D, 0xCDD5, 0xBCCF, 0xB44D, 0xB46D, 0xBCCF, 0xCD93, 0xDE77, 0xF77D, 0xFFFF, 0xFFFF, 0xFFFF, 0xFFFF, 
  0xFFFF, 0xFFFF, 0xFFFF, 0xFFFF, 0xFFFF, 0xFFFF, 0xFFFF, 0xFFFF, 0xFFFF, 0xFFFF, 0xFFFF, 0xFFFF, 0xFFFF, 0xFFFF, 0xFFFF, 0xFFFF, 
  0xFFFF, 0xFFFF, 0xFFFF, 0xFFFF, 0xFFFF, 0xFFFF, 0xFFFF, 0xFFFF, 0xFFFF, 0xFFFF, 0xFFFF, 0xFFFF, 0xFFFF, 0xFFFF, 0xFFFF, 0xFFFF, 
  0xFFFF, 0xFFFF, 0xFFFF, 0xFFFF, 0xFFFF, 0xFFFF, 0xFFFF, 0xFFFF, 0xFFFF, 0xFFFF, 0xFFFF, 0xFFFF, 0xFFFF, 0xFFFF, 0xFFFF, 0xFFFF, 
  0xFFFF, 0xFFFF, 0xFFFF, 0xFFFF, 0xFFFF, 0xFFFF, 0xFFFF, 0xFFFF, 0xFFFF, 0xFFFF, 0xFFFF, 0xFFFF, 0xFFFF, 0xFFFF, 0xFFFF, 0xFFFF, 
  0xFFFF, 0xFFFF, 0xFFFF, 0xFFFF, 0xFFFF, 0xFFFF, 0xFFFF, 0xFFFF, 0xFFFF, 0xFFFF, 0xFFFF, 0xFFFF, 0xFFFF, 0xFFFF, 0xFFFF, 0xFFFF, 
  0xFFFF, 0xFFFF, 0xFFFF, 0xFFFF, 0xFFFF, 0xFFFF, 0xFFFF, 0xFFFF, 0xFFFF, 0xFFFF, 0xFFFF, 0xFFFF, 0xFFFF, 0xFFFF, 0xFFFF, 0xFFFF, 
  0xFFFF, 0xFFFF, 0xFFFF, 0xFFFF, 0xFFFF, 0xFFFF, 0xFFFF, 0xFFFF, 0xFFFF, 0xFFFF, 0xFFFF, 0xFFFF, 0xE71C, 0xA534, 0x8C71, 0x9492, 
  0xD679, 0xFFFF, 0xF77D, 0xB46D, 0xA368, 0xA388, 0xAB88, 0xA388, 0xA388, 0xA388, 0xA389, 0xABEA, 0xBCF0, 0xDE98, 0xFFFF, 0xFFFF, 
  0xFFFF, 0xFFFF, 0xFFFF, 0xFFFF, 0xFFFF, 0xFFFF, 0xFFFF, 0xFFFF, 0xFFFF, 0xFFFF, 0xFFFF, 0xFFFF, 0xFFFF, 0xFFFF, 0xFFFF, 0xFFFF, 
  0xFFFF, 0xFFFF, 0xFFFF, 0xFFFF, 0xFFFF, 0xFFFF, 0xFFFF, 0xFFFF, 0xFFFF, 0xFFFF, 0xFFFF, 0xFFFF, 0xFFFF, 0xFFFF, 0xFFFF, 0xFFFF, 
  0xFFFF, 0xFFFF, 0xFFFF, 0xFFFF, 0xFFFF, 0xFFFF, 0xFFFF, 0xFFFF, 0xFFFF, 0xFFFF, 0xFFFF, 0xFFFF, 0xFFFF, 0xFFFF, 0xFFFF, 0xFFFF, 
  0xFFFF, 0xFFFF, 0xFFFF, 0xFFFF, 0xFFFF, 0xFFFF, 0xFFFF, 0xFFFF, 0xFFFF, 0xFFFF, 0xFFFF, 0xFFFF, 0xFFFF, 0xFFFF, 0xFFFF, 0xFFFF, 
  0xFFFF, 0xFFFF, 0xFFFF, 0xFFFF, 0xFFFF, 0xFFFF, 0xFFFF, 0xFFFF, 0xFFFF, 0xFFFF, 0xFFFF, 0xFFFF, 0xFFFF, 0xFFFF, 0xFFFF, 0xFFFF, 
  0xFFFF, 0xFFFF, 0xFFFF, 0xFFFF, 0xFFFF, 0xFFFF, 0xFFFF, 0xFFFF, 0xFFFF, 0xFFFF, 0xFFFF, 0xFFFF, 0xFFFF, 0xFFFF, 0xFFFF, 0xFFFF, 
  0xFFFF, 0xFFFF, 0xFFFF, 0xFFFF, 0xFFFF, 0xFFFF, 0xFFFF, 0xFFFF, 0xFFFF, 0xFFFF, 0xFFFF, 0xEF5D, 0x6B6D, 0x31C7, 0x4A69, 0x6B6D, 
  0x7BCF, 0xC617, 0xAC4D, 0x9B48, 0xABCA, 0xABCA, 0xABEA, 0xABEA, 0xABCA, 0xABEA, 0xABEA, 0xABC9, 0xA367, 0x9327, 0xB4D0, 0xFFBE, 
  0xFFFF, 0xFFFF, 0xFFFF, 0xFFFF, 0xFFFF, 0xFFFF, 0xFFFF, 0xFFFF, 0xFFFF, 0xFFFF, 0xFFFF, 0xFFFF, 0xFFFF, 0xFFFF, 0xFFFF, 0xFFFF, 
  0xFFFF, 0xFFFF, 0xFFFF, 0xFFFF, 0xFFFF, 0xFFFF, 0xFFFF, 0xFFFF, 0xFFFF, 0xFFFF, 0xFFFF, 0xFFFF, 0xFFFF, 0xFFFF, 0xFFFF, 0xFFFF, 
  0xFFFF, 0xFFFF, 0xFFFF, 0xFFFF, 0xFFFF, 0xFFFF, 0xFFFF, 0xFFFF, 0xFFFF, 0xFFFF, 0xFFFF, 0xFFFF, 0xFFFF, 0xFFFF, 0xFFFF, 0xFFFF, 
  0xFFFF, 0xFFFF, 0xFFFF, 0xFFFF, 0xFFFF, 0xFFFF, 0xFFFF, 0xFFFF, 0xFFFF, 0xFFFF, 0xFFFF, 0xFFFF, 0xFFFF, 0xFFFF, 0xFFFF, 0xFFFF, 
  0xFFFF, 0xFFFF, 0xFFFF, 0xFFFF, 0xFFFF, 0xFFFF, 0xFFFF, 0xFFFF, 0xFFFF, 0xFFFF, 0xFFFF, 0xFFFF, 0xFFFF, 0xFFFF, 0xFFFF, 0xFFFF, 
  0xFFFF, 0xFFFF, 0xFFFF, 0xFFFF, 0xFFFF, 0xFFFF, 0xFFFF, 0xFFFF, 0xFFFF, 0xFFFF, 0xFFFF, 0xFFFF, 0xFFFF, 0xFFFF, 0xFFFF, 0xFFFF, 
  0xFFFF, 0xFFFF, 0xFFFF, 0xFFFF, 0xFFFF, 0xFFFF, 0xFFFF, 0xFFFF, 0xFFFF, 0xFFFF, 0xFFFF, 0xFFFF, 0xD6BA, 0xBDD7, 0xC659, 0xF79E, 
  0xF79D, 0xA42D, 0xA368, 0x9328, 0x836B, 0x7BAE, 0x632B, 0x8BEE, 0x8B08, 0xA388, 0xABA9, 0xABA9, 0xA389, 0xA368, 0x82A6, 0xC5B5, 
  0xFFFF, 0xFFFF, 0xFFFF, 0xFFFF, 0xFFFF, 0xFFFF, 0xFFFF, 0xFFFF, 0xFFFF, 0xFFFF, 0xFFFF, 0xFFFF, 0xFFFF, 0xFFFF, 0xFFFF, 0xFFFF, 
  0xFFFF, 0xFFFF, 0xFFFF, 0xFFFF, 0xFFFF, 0xFFFF, 0xFFFF, 0xFFFF, 0xFFFF, 0xFFFF, 0xFFFF, 0xFFFF, 0xFFFF, 0xFFFF, 0xFFFF, 0xFFFF, 
  0xFFFF, 0xFFFF, 0xFFFF, 0xFFFF, 0xFFFF, 0xFFFF, 0xFFFF, 0xFFFF, 0xFFFF, 0xFFFF, 0xFFFF, 0xFFFF, 0xFFFF, 0xFFFF, 0xFFFF, 0xFFFF, 
  0xFFFF, 0xFFFF, 0xFFFF, 0xFFFF, 0xFFFF, 0xFFFF, 0xFFFF, 0xFFFF, 0xFFFF, 0xFFFF, 0xFFFF, 0xFFFF, 0xFFFF, 0xFFFF, 0xFFFF, 0xFFFF, 
  0xFFFF, 0xFFFF, 0xFFFF, 0xFFFF, 0xFFFF, 0xFFFF, 0xFFFF, 0xFFFF, 0xFFFF, 0xFFFF, 0xFFFF, 0xFFFF, 0xFFFF, 0xFFFF, 0xFFFF, 0xFFFF, 
  0xFFFF, 0xFFFF, 0xFFFF, 0xFFFF, 0xFFFF, 0xFFFF, 0xFFFF, 0xFFFF, 0xFFFF, 0xFFFF, 0xFFFF, 0xFFFF, 0xFFFF, 0xFFFF, 0xFFFF, 0xFFFF, 
  0xFFFF, 0xFFFF, 0xFFFF, 0xFFFF, 0xFFFF, 0xFFFF, 0xFFFF, 0xFFFF, 0xFFFF, 0xE71C, 0xA534, 0x8430, 0x8430, 0xC5F7, 0xFFFF, 0xFFFF, 
  0xBCF0, 0xABC9, 0xB3E9, 0xABA9, 0xA3CA, 0x938A, 0x93AB, 0xAC2D, 0x9B89, 0xABC9, 0xABEA, 0xABEA, 0xABEA, 0xA389, 0x8AE7, 0xCDF6, 
  0xFFFF, 0xFFFF, 0xFFFF, 0xFFFF, 0xFFFF, 0xFFFF, 0xFFFF, 0xFFFF, 0xFFFF, 0xFFFF, 0xFFFF, 0xFFFF, 0xFFFF, 0xFFFF, 0xFFFF, 0xFFFF, 
  0xFFFF, 0xFFFF, 0xFFFF, 0xFFFF, 0xFFFF, 0xFFFF, 0xFFFF, 0xFFFF, 0xFFFF, 0xFFFF, 0xFFFF, 0xFFFF, 0xFFFF, 0xFFFF, 0xFFFF, 0xFFFF, 
  0xFFFF, 0xFFFF, 0xFFFF, 0xFFFF, 0xFFFF, 0xFFFF, 0xFFFF, 0xFFFF, 0xFFFF, 0xFFFF, 0xFFFF, 0xFFFF, 0xFFFF, 0xFFFF, 0xFFFF, 0xFFFF, 
  0xFFFF, 0xFFFF, 0xFFFF, 0xFFFF, 0xFFFF, 0xFFFF, 0xFFFF, 0xFFFF, 0xFFFF, 0xFFFF, 0xFFFF, 0xFFFF, 0xFFFF, 0xFFFF, 0xFFFF, 0xFFFF, 
  0xFFFF, 0xFFFF, 0xFFFF, 0xFFFF, 0xFFFF, 0xFFFF, 0xFFFF, 0xFFFF, 0xFFFF, 0xFFFF, 0xFFFF, 0xFFFF, 0xFFFF, 0xFFFF, 0xFFFF, 0xFFFF, 
  0xFFFF, 0xFFFF, 0xFFFF, 0xFFFF, 0xFFFF, 0xFFFF, 0xFFFF, 0xFFFF, 0xFFFF, 0xFFFF, 0xFFFF, 0xFFFF, 0xFFFF, 0xFFFF, 0xFFFF, 0xFFFF, 
  0xFFFF, 0xFFFF, 0xFFFF, 0xFFFF, 0xFFFF, 0xFFFF, 0xFFFF, 0xFFFF, 0xFFDE, 0x8C51, 0x4208, 0x4A49, 0x6B6D, 0x73CE, 0xA554, 0xB4AE, 
  0xA3A9, 0xABCA, 0xABEA, 0xABEA, 0xABEA, 0xABC9, 0xB3EA, 0xB42B, 0xABC9, 0xB40A, 0xB40A, 0xB42B, 0xB3E9, 0x9348, 0xB512, 0xFFDF, 
  0xFFFF, 0xFFFF, 0xFFFF, 0xFFFF, 0xFFFF, 0xFFFF, 0xFFFF, 0xFFFF, 0xFFFF, 0xFFFF, 0xFFFF, 0xFFFF, 0xFFFF, 0xFFFF, 0xFFFF, 0xFFFF, 
  0xFFFF, 0xFFFF, 0xFFFF, 0xFFFF, 0xFFFF, 0xFFFF, 0xFFFF, 0xFFFF, 0xFFFF, 0xFFFF, 0xFFFF, 0xFFFF, 0xFFFF, 0xFFFF, 0xFFFF, 0xFFFF, 
  0xFFFF, 0xFFFF, 0xFFFF, 0xFFFF, 0xFFFF, 0xFFFF, 0xFFFF, 0xFFFF, 0xFFFF, 0xFFFF, 0xFFFF, 0xFFFF, 0xFFFF, 0xFFFF, 0xFFFF, 0xFFFF, 
  0xFFFF, 0xFFFF, 0xFFFF, 0xFFFF, 0xFFFF, 0xFFFF, 0xFFFF, 0xFFFF, 0xFFFF, 0xFFFF, 0xFFFF, 0xFFFF, 0xFFFF, 0xFFFF, 0xFFFF, 0xFFFF, 
  0xFFFF, 0xFFFF, 0xFFFF, 0xFFFF, 0xFFFF, 0xFFFF, 0xFFFF, 0xFFFF, 0xFFFF, 0xFFFF, 0xFFFF, 0xFFFF, 0xFFFF, 0xFFFF, 0xFFFF, 0xFFFF, 
  0xFFFF, 0xFFFF, 0xFFFF, 0xFFFF, 0xFFFF, 0xFFFF, 0xFFFF, 0xFFFF, 0xFFFF, 0xFFFF, 0xFFFF, 0xFFFF, 0xFFFF, 0xFFFF, 0xFFFF, 0xFFFF, 
  0xFFFF, 0xFFFF, 0xFFFF, 0xFFFF, 0xFFFF, 0xFFFF, 0xFFFF, 0xFFFF, 0xFFFF, 0xE71C, 0xCE79, 0xD6BA, 0xEF7D, 0xFFFF, 0xBD11, 0xA388, 
  0xA3A9, 0x7B29, 0x83EE, 0x5AEB, 0x83CE, 0x8309, 0x9369, 0xA3EB, 0xA389, 0xABA9, 0xA389, 0xA3A9, 0xAC8F, 0xD658, 0xFFFF, 0xFFFF, 
  0xFFFF, 0xFFFF, 0xFFFF, 0xFFFF, 0xFFFF, 0xFFFF, 0xFFFF, 0xFFFF, 0xFFFF, 0xFFFF, 0xFFFF, 0xFFFF, 0xFFFF, 0xFFFF, 0xFFFF, 0xFFFF, 
  0xFFFF, 0xFFFF, 0xFFFF, 0xFFFF, 0xFFFF, 0xFFFF, 0xFFFF, 0xFFFF, 0xFFFF, 0xFFFF, 0xFFFF, 0xFFFF, 0xFFFF, 0xFFFF, 0xFFFF, 0xFFFF, 
  0xFFFF, 0xFFFF, 0xFFFF, 0xFFFF, 0xFFFF, 0xFFFF, 0xFFFF, 0xFFFF, 0xFFFF, 0xFFFF, 0xFFFF, 0xFFFF, 0xFFFF, 0xFFFF, 0xFFFF, 0xFFFF, 
  0xFFFF, 0xFFFF, 0xFFFF, 0xFFFF, 0xFFFF, 0xFFFF, 0xFFFF, 0xFFFF, 0xFFFF, 0xFFFF, 0xFFFF, 0xFFFF, 0xFFFF, 0xFFFF, 0xFFFF, 0xFFFF, 
  0xFFFF, 0xFFFF, 0xFFFF, 0xFFFF, 0xFFFF, 0xFFFF, 0xFFFF, 0xFFFF, 0xFFFF, 0xFFFF, 0xFFFF, 0xFFFF, 0xFFFF, 0xFFFF, 0xFFFF, 0xFFFF, 
  0xFFFF, 0xFFFF, 0xFFFF, 0xFFFF, 0xFFFF, 0xFFFF, 0xFFFF, 0xFFFF, 0xFFFF, 0xFFFF, 0xFFFF, 0xFFFF, 0xFFFF, 0xFFFF, 0xFFFF, 0xFFFF, 
  0xFFFF, 0xFFFF, 0xFFFF, 0xFFFF, 0xFFFF, 0xFFFF, 0xF7BE, 0xBDF7, 0x840F, 0x6B6D, 0x8430, 0xE71C, 0xFFFF, 0xC572, 0xB3E9, 0xB40A, 
  0xB40A, 0xABCA, 0x9BAA, 0x936A, 0xAC4D, 0x9B89, 0xA3A9, 0xAC0B, 0xA3A9, 0xABC9, 0xAC2C, 0xDE99, 0xFFFF, 0xFFFF, 0xFFFF, 0xFFFF, 
  0xFFFF, 0xFFFF, 0xFFFF, 0xFFFF, 0xFFFF, 0xFFFF, 0xFFFF, 0xFFFF, 0xFFFF, 0xFFFF, 0xFFFF, 0xFFFF, 0xFFFF, 0xFFFF, 0xFFFF, 0xFFFF, 
  0xFFFF, 0xFFFF, 0xFFFF, 0xFFFF, 0xFFFF, 0xFFFF, 0xFFFF, 0xFFFF, 0xFFFF, 0xFFFF, 0xFFFF, 0xFFFF, 0xFFFF, 0xFFFF, 0xFFFF, 0xFFFF, 
  0xFFFF, 0xFFFF, 0xFFFF, 0xFFFF, 0xFFFF, 0xFFFF, 0xFFFF, 0xFFFF, 0xFFFF, 0xFFFF, 0xFFFF, 0xFFFF, 0xFFFF, 0xFFFF, 0xFFFF, 0xFFFF, 
  0xFFFF, 0xFFFF, 0xFFFF, 0xFFFF, 0xFFFF, 0xFFFF, 0xFFFF, 0xFFFF, 0xFFFF, 0xFFFF, 0xFFFF, 0xFFFF, 0xFFFF, 0xFFFF, 0xFFFF, 0xFFFF, 
  0xFFFF, 0xFFFF, 0xFFFF, 0xFFFF, 0xFFFF, 0xFFFF, 0xFFFF, 0xFFFF, 0xFFFF, 0xFFFF, 0xFFFF, 0xFFFF, 0xFFFF, 0xFFFF, 0xFFFF, 0xFFFF, 
  0xFFFF, 0xFFFF, 0xFFFF, 0xFFFF, 0xFFFF, 0xFFFF, 0xFFFF, 0xFFFF, 0xFFFF, 0xFFFF, 0xFFFF, 0xFFFF, 0xFFFF, 0xFFFF, 0xFFFF, 0xFFFF, 
  0xFFFF, 0xFFFF, 0xFFFF, 0xFFFF, 0xFFFF, 0xFFFF, 0xCE59, 0x39E7, 0x2104, 0x4A8A, 0x8430, 0x9CD2, 0xB4D0, 0xA389, 0xABCA, 0xABEB, 
  0xA3CB, 0xA3A9, 0xA389, 0xA389, 0xB42C, 0x9B69, 0xA369, 0xABEB, 0xA3A9, 0xABC9, 0xB48E, 0xFFFF, 0xFFFF, 0xFFFF, 0xFFFF, 0xFFFF, 
  0xFFFF, 0xFFFF, 0xFFFF, 0xFFFF, 0xFFFF, 0xFFFF, 0xFFFF, 0xFFFF, 0xFFFF, 0xFFFF, 0xFFFF, 0xFFFF, 0xFFFF, 0xFFFF, 0xFFFF, 0xFFFF, 
  0xFFFF, 0xFFFF, 0xFFFF, 0xFFFF, 0xFFFF, 0xFFFF, 0xFFFF, 0xFFFF, 0xFFFF, 0xFFFF, 0xFFFF, 0xFFFF, 0xFFFF, 0xFFFF, 0xFFFF, 0xFFFF, 
  0xFFFF, 0xFFFF, 0xFFFF, 0xFFFF, 0xFFFF, 0xFFFF, 0xFFFF, 0xFFFF, 0xFFFF, 0xFFFF, 0xFFFF, 0xFFFF, 0xFFFF, 0xFFFF, 0xFFFF, 0xFFFF, 
  0xFFFF, 0xFFFF, 0xFFFF, 0xFFFF, 0xFFFF, 0xFFFF, 0xFFFF, 0xFFFF, 0xFFFF, 0xFFFF, 0xFFFF, 0xFFFF, 0xFFFF, 0xFFFF, 0xFFFF, 0xFFFF, 
  0xFFFF, 0xFFFF, 0xFFFF, 0xFFFF, 0xFFFF, 0xFFFF, 0xFFFF, 0xFFFF, 0xFFFF, 0xFFFF, 0xFFFF, 0xFFFF, 0xFFFF, 0xFFFF, 0xFFFF, 0xFFFF, 
  0xFFFF, 0xFFFF, 0xFFFF, 0xFFFF, 0xFFFF, 0xFFFF, 0xFFFF, 0xFFFF, 0xFFFF, 0xFFFF, 0xFFFF, 0xFFFF, 0xFFFF, 0xFFFF, 0xFFFF, 0xFFFF, 
  0xFFFF, 0xFFFF, 0xFFFF, 0xFFFF, 0xFFFF, 0xFFFF, 0xEF7D, 0xD6BA, 0xCE7A, 0xE71C, 0xFFFF, 0xCDF5, 0xA368, 0xA388, 0x8308, 0x7BAD, 
  0x528A, 0x6B2C, 0x7B2A, 0x9328, 0xB42C, 0xA389, 0xA389, 0xABEB, 0xABCA, 0xB40A, 0xABC9, 0xCDD4, 0xFFFF, 0xFFFF, 0xFFFF, 0xFFFF, 
  0xFFFF, 0xFFFF, 0xFFFF, 0xFFFF, 0xFFFF, 0xFFFF, 0xFFFF, 0xFFFF, 0xFFFF, 0xFFFF, 0xFFFF, 0xFFFF, 0xFFFF, 0xFFFF, 0xFFFF, 0xFFFF, 
  0xFFFF, 0xFFFF, 0xFFFF, 0xFFFF, 0xFFFF, 0xFFFF, 0xFFFF, 0xFFFF, 0xFFFF, 0xFFFF, 0xFFFF, 0xFFFF, 0xFFFF, 0xFFFF, 0xFFFF, 0xFFFF, 
  0xFFFF, 0xFFFF, 0xFFFF, 0xFFFF, 0xFFFF, 0xFFFF, 0xFFFF, 0xFFFF, 0xFFFF, 0xFFFF, 0xFFFF, 0xFFFF, 0xFFFF, 0xFFFF, 0xFFFF, 0xFFFF, 
  0xFFFF, 0xFFFF, 0xFFFF, 0xFFFF, 0xFFFF, 0xFFFF, 0xFFFF, 0xFFFF, 0xFFFF, 0xFFFF, 0xFFFF, 0xFFFF, 0xFFFF, 0xFFFF, 0xFFFF, 0xFFFF, 
  0xFFFF, 0xFFFF, 0xFFFF, 0xFFFF, 0xFFFF, 0xFFFF, 0xFFFF, 0xFFFF, 0xFFFF, 0xFFFF, 0xFFFF, 0xFFFF, 0xFFFF, 0xFFFF, 0xFFFF, 0xFFFF, 
  0xFFFF, 0xFFFF, 0xFFFF, 0xFFFF, 0xFFFF, 0xFFFF, 0xFFFF, 0xFFFF, 0xFFFF, 0xFFFF, 0xFFFF, 0xFFFF, 0xFFFF, 0xFFFF, 0xFFFF, 0xFFFF, 
  0xFFFF, 0xFFFF, 0xFFFF, 0xF79E, 0xBDF7, 0x840F, 0x632C, 0x7BEF, 0xCE79, 0xFFFF, 0xD615, 0xA3A9, 0xB3EA, 0xB3E9, 0xB42A, 0xABEA, 
  0x9389, 0xA3EB, 0xA3AA, 0x8B08, 0xA42E, 0x8BAC, 0x8BAB, 0x9BED, 0x9349, 0xABEA, 0xB3E9, 0xABEB, 0xE6DA, 0xFFFF, 0xFFFF, 0xFFFF, 
  0xFFFF, 0xFFFF, 0xFFFF, 0xFFFF, 0xFFFF, 0xFFFF, 0xFFFF, 0xFFFF, 0xFFFF, 0xFFFF, 0xFFFF, 0xFFFF, 0xFFFF, 0xFFFF, 0xFFFF, 0xFFFF, 
  0xFFFF, 0xFFFF, 0xFFFF, 0xFFFF, 0xFFFF, 0xFFFF, 0xFFFF, 0xFFFF, 0xFFFF, 0xFFFF, 0xFFFF, 0xFFFF, 0xFFFF, 0xFFFF, 0xFFFF, 0xFFFF, 
  0xFFFF, 0xFFFF, 0xFFFF, 0xFFFF, 0xFFFF, 0xFFFF, 0xFFFF, 0xFFFF, 0xFFFF, 0xFFFF, 0xFFFF, 0xFFFF, 0xFFFF, 0xFFFF, 0xFFFF, 0xFFFF, 
  0xFFFF, 0xFFFF, 0xFFFF, 0xFFFF, 0xFFFF, 0xFFFF, 0xFFFF, 0xFFFF, 0xFFFF, 0xFFFF, 0xFFFF, 0xFFFF, 0xFFFF, 0xFFFF, 0xFFFF, 0xFFFF, 
  0xFFFF, 0xFFFF, 0xFFFF, 0xFFFF, 0xFFFF, 0xFFFF, 0xFFFF, 0xFFFF, 0xFFFF, 0xFFFF, 0xFFFF, 0xFFFF, 0xFFFF, 0xFFFF, 0xFFFF, 0xFFFF, 
  0xFFFF, 0xFFFF, 0xFFFF, 0xFFFF, 0xFFFF, 0xFFFF, 0xFFFF, 0xFFFF, 0xFFFF, 0xFFFF, 0xFFFF, 0xFFFF, 0xFFFF, 0xFFFF, 0xFFFF, 0xFFFF, 
  0xFFFF, 0xFFFF, 0xFFFF, 0xDEDB, 0x5B0C, 0x4A69, 0x7BEF, 0xAD96, 0x9CF3, 0xA4B0, 0xA389, 0xA368, 0x9B8A, 0xA3CB, 0x9BAA, 0xA389, 
  0xAB89, 0xABCA, 0xA3A9, 0x9307, 0x9B8A, 0x8B6A, 0x8B6A, 0x9B8A, 0x9B68, 0xABC9, 0xABC9, 0xB3E9, 0xAC4D, 0xF79E, 0xFFFF, 0xFFFF, 
  0xFFFF, 0xFFFF, 0xFFFF, 0xFFFF, 0xFFFF, 0xFFFF, 0xFFFF, 0xFFFF, 0xFFFF, 0xFFFF, 0xFFFF, 0xFFFF, 0xFFFF, 0xFFFF, 0xFFFF, 0xFFFF, 
  0xFFFF, 0xFFFF, 0xFFFF, 0xFFFF, 0xFFFF, 0xFFFF, 0xFFFF, 0xFFFF, 0xFFFF, 0xFFFF, 0xFFFF, 0xFFFF, 0xFFFF, 0xFFFF, 0xFFFF, 0xFFFF, 
  0xFFFF, 0xFFFF, 0xFFFF, 0xFFFF, 0xFFFF, 0xFFFF, 0xFFFF, 0xFFFF, 0xFFFF, 0xFFFF, 0xFFFF, 0xFFFF, 0xFFFF, 0xFFFF, 0xFFFF, 0xFFFF, 
  0xFFFF, 0xFFFF, 0xFFFF, 0xFFFF, 0xFFFF, 0xFFFF, 0xFFFF, 0xFFFF, 0xFFFF, 0xFFFF, 0xFFFF, 0xFFFF, 0xFFFF, 0xFFFF, 0xFFFF, 0xFFFF, 
  0xFFFF, 0xFFFF, 0xFFFF, 0xFFFF, 0xFFFF, 0xFFFF, 0xFFFF, 0xFFFF, 0xFFFF, 0xFFFF, 0xFFFF, 0xFFFF, 0xFFFF, 0xFFFF, 0xFFFF, 0xFFFF, 
  0xFFFF, 0xFFFF, 0xFFFF, 0xFFFF, 0xFFFF, 0xFFFF, 0xFFFF, 0xFFFF, 0xFFFF, 0xFFFF, 0xFFFF, 0xFFFF, 0xFFFF, 0xFFFF, 0xFFFF, 0xFFFF, 
  0xFFFF, 0xFFFF, 0xFFDF, 0xEF5D, 0xDEDB, 0xE73C, 0xF7BE, 0xFFFF, 0xE698, 0x9B8A, 0xAB88, 0x8308, 0x734C, 0x632C, 0x6B4D, 0x7B2A, 
  0x9328, 0xABEB, 0xABEA, 0xA389, 0xABCA, 0xA3A9, 0xABA9, 0xABEA, 0xABEA, 0xB40A, 0xAC0A, 0xB42B, 0xA389, 0xBD32, 0xFFFF, 0xFFFF, 
  0xFFFF, 0xFFFF, 0xFFFF, 0xFFFF, 0xFFFF, 0xFFFF, 0xFFFF, 0xFFFF, 0xFFFF, 0xFFFF, 0xFFFF, 0xFFFF, 0xFFFF, 0xFFFF, 0xFFFF, 0xFFFF, 
  0xFFFF, 0xFFFF, 0xFFFF, 0xFFFF, 0xFFFF, 0xFFFF, 0xFFFF, 0xFFFF, 0xFFFF, 0xFFFF, 0xFFFF, 0xFFFF, 0xFFFF, 0xFFFF, 0xFFFF, 0xFFFF, 
  0xFFFF, 0xFFFF, 0xFFFF, 0xFFFF, 0xFFFF, 0xFFFF, 0xFFFF, 0xFFFF, 0xFFFF, 0xFFFF, 0xFFFF, 0xFFFF, 0xFFFF, 0xFFFF, 0xFFFF, 0xFFFF, 
  0xFFFF, 0xFFFF, 0xFFFF, 0xFFFF, 0xFFFF, 0xFFFF, 0xFFFF, 0xFFFF, 0xFFFF, 0xFFFF, 0xFFFF, 0xFFFF, 0xFFFF, 0xFFFF, 0xFFFF, 0xFFFF, 
  0xFFFF, 0xFFFF, 0xFFFF, 0xFFFF, 0xFFFF, 0xFFFF, 0xFFFF, 0xFFFF, 0xFFFF, 0xFFFF, 0xFFFF, 0xFFFF, 0xFFFF, 0xFFFF, 0xFFFF, 0xFFFF, 
  0xFFFF, 0xFFFF, 0xFFFF, 0xFFFF, 0xFFFF, 0xFFFF, 0xFFFF, 0xFFFF, 0xFFFF, 0xFFFF, 0xFFFF, 0xFFFF, 0xFFFF, 0xFFFF, 0xFFFF, 0xFFFF, 
  0xFFDF, 0xC618, 0x73AE, 0x5AEB, 0x6B8D, 0xAD54, 0xF7DF, 0xDE98, 0xA3AA, 0xB3C9, 0xB3E9, 0xB3EA, 0xABCA, 0x9328, 0xA40C, 0xA3CB, 
  0xA368, 0xB44C, 0xABEA, 0xABA9, 0xAC0B, 0xABEA, 0xABEA, 0xB40B, 0xABEA, 0xB40B, 0xB40A, 0xB42B, 0xABEA, 0x9B69, 0xDE78, 0xFFFF, 
  0xFFFF, 0xFFFF, 0xFFFF, 0xFFFF, 0xFFFF, 0xFFFF, 0xFFFF, 0xFFFF, 0xFFFF, 0xFFFF, 0xFFFF, 0xFFFF, 0xFFFF, 0xFFFF, 0xFFFF, 0xFFFF, 
  0xFFFF, 0xFFFF, 0xFFFF, 0xFFFF, 0xFFFF, 0xFFFF, 0xFFFF, 0xFFFF, 0xFFFF, 0xFFFF, 0xFFFF, 0xFFFF, 0xFFFF, 0xFFFF, 0xFFFF, 0xFFFF, 
  0xFFFF, 0xFFFF, 0xFFFF, 0xFFFF, 0xFFFF, 0xFFFF, 0xFFFF, 0xFFFF, 0xFFFF, 0xFFFF, 0xFFFF, 0xFFFF, 0xFFFF, 0xFFFF, 0xFFFF, 0xFFFF, 
  0xFFFF, 0xFFFF, 0xFFFF, 0xFFFF, 0xFFFF, 0xFFFF, 0xFFFF, 0xFFFF, 0xFFFF, 0xFFFF, 0xFFFF, 0xFFFF, 0xFFFF, 0xFFFF, 0xFFFF, 0xFFFF, 
  0xFFFF, 0xFFFF, 0xFFFF, 0xFFFF, 0xFFFF, 0xFFFF, 0xFFFF, 0xFFFF, 0xFFFF, 0xFFFF, 0xFFFF, 0xFFFF, 0xFFFF, 0xFFFF, 0xFFFF, 0xFFFF, 
  0xFFFF, 0xFFFF, 0xFFFF, 0xFFFF, 0xFFFF, 0xFFFF, 0xFFFF, 0xFFFF, 0xFFFF, 0xFFFF, 0xFFFF, 0xFFFF, 0xFFFF, 0xFFFF, 0xFFFF, 0xFFFF, 
  0xF7BE, 0x7BEF, 0x4249, 0x73AE, 0xBDD6, 0xB5B6, 0x9C90, 0xA38A, 0x9B68, 0x9B89, 0x9BEB, 0x936A, 0x9349, 0x9B68, 0xABEB, 0xA3AA, 
  0xA389, 0xB42B, 0xABCA, 0xABCA, 0xAC0B, 0xABEA, 0xABEA, 0xB42B, 0xB40A, 0xABEA, 0xA3CA, 0xABEA, 0xA3CA, 0x9B48, 0x9BAB, 0xF79C, 
  0xFFFF, 0xFFFF, 0xFFFF, 0xFFFF, 0xFFFF, 0xFFFF, 0xFFFF, 0xFFFF, 0xFFFF, 0xFFFF, 0xFFFF, 0xFFFF, 0xFFFF, 0xFFFF, 0xFFFF, 0xFFFF, 
  0xFFFF, 0xFFFF, 0xFFFF, 0xFFFF, 0xFFFF, 0xFFFF, 0xFFFF, 0xFFFF, 0xFFFF, 0xFFFF, 0xFFFF, 0xFFFF, 0xFFFF, 0xFFFF, 0xFFFF, 0xFFFF, 
  0xFFFF, 0xFFFF, 0xFFFF, 0xFFFF, 0xFFFF, 0xFFFF, 0xFFFF, 0xFFFF, 0xFFFF, 0xFFFF, 0xFFFF, 0xFFFF, 0xFFFF, 0xFFFF, 0xFFFF, 0xFFFF, 
  0xFFFF, 0xFFFF, 0xFFFF, 0xFFFF, 0xFFFF, 0xFFFF, 0xFFFF, 0xFFFF, 0xFFFF, 0xFFFF, 0xFFFF, 0xFFFF, 0xFFFF, 0xFFFF, 0xFFFF, 0xFFFF, 
  0xFFFF, 0xFFFF, 0xFFFF, 0xFFFF, 0xFFFF, 0xFFFF, 0xFFFF, 0xFFFF, 0xFFFF, 0xFFFF, 0xFFFF, 0xFFFF, 0xFFFF, 0xFFFF, 0xFFFF, 0xFFFF, 
  0xFFFF, 0xFFFF, 0xFFFF, 0xFFFF, 0xFFFF, 0xFFFF, 0xFFFF, 0xFFFF, 0xFFFF, 0xFFFF, 0xFFFF, 0xFFFF, 0xFFFF, 0xFFFF, 0xFFFF, 0xFFFF, 
  0xF79D, 0xE73C, 0xEF7D, 0xFFDF, 0xFFFF, 0xF73B, 0xA3EB, 0x9B48, 0x8B28, 0x732A, 0x6B2C, 0x6B2C, 0x7B4B, 0x7AA7, 0xA3CA, 0xA3EB, 
  0xA3A9, 0xAC0B, 0xABEA, 0xABEA, 0xAC0B, 0xABEA, 0xABEA, 0xA3AA, 0x8B29, 0x9B8A, 0x8B29, 0x7AE9, 0x8329, 0x8B29, 0x82E7, 0xB4F1, 
  0xFFFF, 0xFFFF, 0xFFFF, 0xFFFF, 0xFFFF, 0xFFFF, 0xFFFF, 0xFFFF, 0xFFFF, 0xFFFF, 0xFFFF, 0xFFFF, 0xFFFF, 0xFFFF, 0xFFFF, 0xFFFF, 
  0xFFFF, 0xFFFF, 0xFFFF, 0xFFFF, 0xFFFF, 0xFFFF, 0xFFFF, 0xFFFF, 0xFFFF, 0xFFFF, 0xFFFF, 0xFFFF, 0xFFFF, 0xFFFF, 0xFFFF, 0xFFFF, 
  0xFFFF, 0xFFFF, 0xFFFF, 0xFFFF, 0xFFFF, 0xFFFF, 0xFFFF, 0xFFFF, 0xFFFF, 0xFFFF, 0xFFFF, 0xFFFF, 0xFFFF, 0xFFFF, 0xFFFF, 0xFFFF, 
  0xFFFF, 0xFFFF, 0xFFFF, 0xFFFF, 0xFFFF, 0xFFFF, 0xFFFF, 0xFFFF, 0xFFFF, 0xFFFF, 0xFFFF, 0xFFFF, 0xFFFF, 0xFFFF, 0xFFFF, 0xFFFF, 
  0xFFFF, 0xFFFF, 0xFFFF, 0xFFFF, 0xFFFF, 0xFFFF, 0xFFFF, 0xFFFF, 0xFFFF, 0xFFFF, 0xFFFF, 0xFFFF, 0xFFFF, 0xFFFF, 0xFFFF, 0xFFFF, 
  0xFFFF, 0xFFFF, 0xFFFF, 0xFFFF, 0xFFFF, 0xFFFF, 0xFFFF, 0xFFFF, 0xFFFF, 0xFFFF, 0xFFFF, 0xFFFF, 0xFFFF, 0xFFFF, 0xD69A, 0x8C51, 
  0x52CA, 0x5AEB, 0x9491, 0xE73C, 0xEF1B, 0xAC0B, 0xABA9, 0xB3C9, 0xB3C9, 0xABE9, 0x9B48, 0xA38A, 0xA3CB, 0x9B48, 0xABEB, 0xAC0B, 
  0xB40A, 0xAC2C, 0xAC0B, 0xB40B, 0xAC0B, 0xB40B, 0xB40A, 0xB42B, 0x9BAA, 0x72A8, 0x6AC8, 0x72E8, 0x8B29, 0x8B28, 0x9328, 0x9349, 
  0xD637, 0xFFFF, 0xFFFF, 0xFFFF, 0xFFFF, 0xFFFF, 0xFFFF, 0xFFFF, 0xFFFF, 0xFFFF, 0xFFFF, 0xFFFF, 0xFFFF, 0xFFFF, 0xFFFF, 0xFFFF, 
  0xFFFF, 0xFFFF, 0xFFFF, 0xFFFF, 0xFFFF, 0xFFFF, 0xFFFF, 0xFFFF, 0xFFFF, 0xFFFF, 0xFFFF, 0xFFFF, 0xFFFF, 0xFFFF, 0xFFFF, 0xFFFF, 
  0xFFFF, 0xFFFF, 0xFFFF, 0xFFFF, 0xFFFF, 0xFFFF, 0xFFFF, 0xFFFF, 0xFFFF, 0xFFFF, 0xFFFF, 0xFFFF, 0xFFFF, 0xFFFF, 0xFFFF, 0xFFFF, 
  0xFFFF, 0xFFFF, 0xFFFF, 0xFFFF, 0xFFFF, 0xFFFF, 0xFFFF, 0xFFFF, 0xFFFF, 0xFFFF, 0xFFFF, 0xFFFF, 0xFFFF, 0xFFFF, 0xFFFF, 0xFFFF, 
  0xFFFF, 0xFFFF, 0xFFFF, 0xFFFF, 0xFFFF, 0xFFFF, 0xFFFF, 0xFFFF, 0xFFFF, 0xFFFF, 0xFFFF, 0xFFFF, 0xFFFF, 0xFFFF, 0xFFFF, 0xFFFF, 
  0xFFFF, 0xFFFF, 0xFFFF, 0xFFFF, 0xFFFF, 0xFFFF, 0xFFFF, 0xFFFF, 0xFFFF, 0xFFFF, 0xFFFF, 0xFFFF, 0xFFFF, 0xFFFF, 0x94B2, 0x3A08, 
  0x52AB, 0xA555, 0xBE18, 0x9C91, 0x9BAA, 0xA388, 0x9369, 0x938A, 0x9BAB, 0x8B69, 0x9327, 0xA3A9, 0xA3CB, 0xA3A9, 0xA3CA, 0xAC0B, 
  0xB40B, 0xAC2C, 0xAC0B, 0xB40A, 0xABEA, 0xAC0A, 0xB40A, 0xABEB, 0xA3AA, 0x9369, 0x7AE9, 0x72C8, 0x7B09, 0x72A7, 0x82C7, 0x9B07, 
  0x936A, 0xF77D, 0xFFFF, 0xFFFF, 0xFFFF, 0xFFFF, 0xFFFF, 0xFFFF, 0xFFFF, 0xFFFF, 0xFFFF, 0xFFFF, 0xFFFF, 0xFFFF, 0xFFFF, 0xFFFF, 
  0xFFFF, 0xFFFF, 0xFFFF, 0xFFFF, 0xFFFF, 0xFFFF, 0xFFFF, 0xFFFF, 0xFFFF, 0xFFFF, 0xFFFF, 0xFFFF, 0xFFFF, 0xFFFF, 0xFFFF, 0xFFFF, 
  0xFFFF, 0xFFFF, 0xFFFF, 0xFFFF, 0xFFFF, 0xFFFF, 0xFFFF, 0xFFFF, 0xFFFF, 0xFFFF, 0xFFFF, 0xFFFF, 0xFFFF, 0xFFFF, 0xFFFF, 0xFFFF, 
  0xFFFF, 0xFFFF, 0xFFFF, 0xFFFF, 0xFFFF, 0xFFFF, 0xFFFF, 0xFFFF, 0xFFFF, 0xFFFF, 0xFFFF, 0xFFFF, 0xFFFF, 0xFFFF, 0xFFFF, 0xFFFF, 
  0xFFFF, 0xFFFF, 0xFFFF, 0xFFFF, 0xFFFF, 0xFFFF, 0xFFFF, 0xFFFF, 0xFFFF, 0xFFFF, 0xFFFF, 0xFFFF, 0xFFFF, 0xFFFF, 0xFFFF, 0xFFFF, 
  0xFFFF, 0xFFFF, 0xFFFF, 0xFFFF, 0xFFFF, 0xFFFF, 0xFFFF, 0xFFFF, 0xFFFF, 0xFFFF, 0xFFFF, 0xFFFF, 0xFFFF, 0xFFFF, 0xFFFF, 0xEF7D, 
  0xF79E, 0xFFFF, 0xFFBE, 0xB48E, 0xA388, 0x9B68, 0x7AE9, 0x734C, 0x62EB, 0x7B8D, 0x7AE8, 0x9348, 0xAC0C, 0xAC0A, 0xA3AA, 0xAC2B, 
  0xB42B, 0xAC0C, 0xAC0B, 0xB40A, 0xABEA, 0xABEA, 0xB40A, 0xA3CB, 0x9329, 0xA3EA, 0xA3EA, 0x9B89, 0x8B28, 0x82A7, 0x8B29, 0xAC2D, 
  0xC595, 0xFFBE, 0xFFFF, 0xFFFF, 0xFFFF, 0xFFFF, 0xFFFF, 0xFFFF, 0xFFFF, 0xFFFF, 0xFFFF, 0xFFFF, 0xFFFF, 0xFFFF, 0xFFFF, 0xFFFF, 
  0xFFFF, 0xFFFF, 0xFFFF, 0xFFFF, 0xFFFF, 0xFFFF, 0xFFFF, 0xFFFF, 0xFFFF, 0xFFFF, 0xFFFF, 0xFFFF, 0xFFFF, 0xFFFF, 0xFFFF, 0xFFFF, 
  0xFFFF, 0xFFFF, 0xFFFF, 0xFFFF, 0xFFFF, 0xFFFF, 0xFFFF, 0xFFFF, 0xFFFF, 0xFFFF, 0xFFFF, 0xFFFF, 0xFFFF, 0xFFFF, 0xFFFF, 0xFFFF, 
  0xFFFF, 0xFFFF, 0xFFFF, 0xFFFF, 0xFFFF, 0xFFFF, 0xFFFF, 0xFFFF, 0xFFFF, 0xFFFF, 0xFFFF, 0xFFFF, 0xFFFF, 0xFFFF, 0xFFFF, 0xFFFF, 
  0xFFFF, 0xFFFF, 0xFFFF, 0xFFFF, 0xFFFF, 0xFFFF, 0xFFFF, 0xFFFF, 0xFFFF, 0xFFFF, 0xFFFF, 0xFFFF, 0xFFFF, 0xFFFF, 0xFFFF, 0xFFFF, 
  0xFFFF, 0xFFFF, 0xFFFF, 0xFFFF, 0xFFFF, 0xFFFF, 0xFFFF, 0xFFFF, 0xFFFF, 0xFFFF, 0xFFFF, 0xFFFF, 0xFFFF, 0xFFFF, 0xFFFF, 0xFFFF, 
  0xFFFF, 0xF7BE, 0xAC2D, 0xA367, 0xB3E9, 0xB40A, 0xB40A, 0x9B68, 0x9348, 0xA40B, 0xABEB, 0x9B28, 0xA40B, 0xB42B, 0xA3CA, 0xAC2B, 
  0xBC4B, 0xAC0C, 0xAC0B, 0xB42B, 0xAC0B, 0xB40B, 0xB42B, 0xB42B, 0xBC4B, 0xBC2A, 0xB40A, 0xBCAE, 0xC552, 0xDE78, 0xEF5C, 0xFFFF, 
  0xFFFF, 0xFFFF, 0xFFFF, 0xFFFF, 0xFFFF, 0xFFFF, 0xFFFF, 0xFFFF, 0xFFFF, 0xFFFF, 0xFFFF, 0xFFFF, 0xFFFF, 0xFFFF, 0xFFFF, 0xFFFF, 
  0xFFFF, 0xFFFF, 0xFFFF, 0xFFFF, 0xFFFF, 0xFFFF, 0xFFFF, 0xFFFF, 0xFFFF, 0xFFFF, 0xFFFF, 0xFFFF, 0xFFFF, 0xFFFF, 0xFFFF, 0xFFFF, 
  0xFFFF, 0xFFFF, 0xFFFF, 0xFFFF, 0xFFFF, 0xFFFF, 0xFFFF, 0xFFFF, 0xFFFF, 0xFFFF, 0xFFFF, 0xFFFF, 0xFFFF, 0xFFFF, 0xFFFF, 0xFFFF, 
  0xFFFF, 0xFFFF, 0xFFFF, 0xFFFF, 0xFFFF, 0xFFFF, 0xFFFF, 0xFFFF, 0xFFFF, 0xFFFF, 0xFFFF, 0xFFFF, 0xFFFF, 0xFFFF, 0xFFFF, 0xFFFF, 
  0xFFFF, 0xFFFF, 0xFFFF, 0xFFFF, 0xFFFF, 0xFFFF, 0xFFFF, 0xFFFF, 0xFFFF, 0xFFFF, 0xFFFF, 0xFFFF, 0xFFFF, 0xFFFF, 0xFFFF, 0xFFFF, 
  0xFFFF, 0xFFFF, 0xFFFF, 0xFFFF, 0xFFFF, 0xFFFF, 0xFFFF, 0xFFFF, 0xFFFF, 0xFFFF, 0xFFFF, 0xFFFF, 0xFFFF, 0xFFFF, 0xFFFF, 0xFFFF, 
  0xFFFF, 0xF7BE, 0xC594, 0xB46D, 0xABEA, 0xA3A9, 0xA368, 0xA348, 0xABEA, 0xA3EB, 0xAC0B, 0x9B48, 0xA3EC, 0xBC4B, 0xABEA, 0xB44D, 
  0xBC6C, 0xAC2C, 0xAC2B, 0xB42B, 0xAC0B, 0xB40B, 0xB42B, 0xB42B, 0xB40A, 0xB44C, 0xCDF5, 0xF79D, 0xFFFF, 0xFFFF, 0xFFFF, 0xFFFF, 
  0xFFFF, 0xFFFF, 0xFFFF, 0xFFFF, 0xFFFF, 0xFFFF, 0xFFFF, 0xFFFF, 0xFFFF, 0xFFFF, 0xFFFF, 0xFFFF, 0xFFFF, 0xFFFF, 0xFFFF, 0xFFFF, 
  0xFFFF, 0xFFFF, 0xFFFF, 0xFFFF, 0xFFFF, 0xFFFF, 0xFFFF, 0xFFFF, 0xFFFF, 0xFFFF, 0xFFFF, 0xFFFF, 0xFFFF, 0xFFFF, 0xFFFF, 0xFFFF, 
  0xFFFF, 0xFFFF, 0xFFFF, 0xFFFF, 0xFFFF, 0xFFFF, 0xFFFF, 0xFFFF, 0xFFFF, 0xFFFF, 0xFFFF, 0xFFFF, 0xFFFF, 0xFFFF, 0xFFFF, 0xFFFF, 
  0xFFFF, 0xFFFF, 0xFFFF, 0xFFFF, 0xFFFF, 0xFFFF, 0xFFFF, 0xFFFF, 0xFFFF, 0xFFFF, 0xFFFF, 0xFFFF, 0xFFFF, 0xFFFF, 0xFFFF, 0xFFFF, 
  0xFFFF, 0xFFFF, 0xFFFF, 0xFFFF, 0xFFFF, 0xFFFF, 0xFFFF, 0xFFFF, 0xFFFF, 0xFFFF, 0xFFFF, 0xFFFF, 0xFFFF, 0xFFFF, 0xFFFF, 0xFFFF, 
  0xFFFF, 0xFFFF, 0xFFFF, 0xFFFF, 0xFFFF, 0xFFFF, 0xFFFF, 0xFFFF, 0xFFFF, 0xFFFF, 0xFFFF, 0xFFFF, 0xFFFF, 0xFFFF, 0xFFFF, 0xFFFF, 
  0xFFFF, 0xFFFF, 0xFFFF, 0xFFFF, 0xEF5C, 0xDE77, 0xB4F0, 0xA389, 0xABA9, 0xA40B, 0xB40B, 0xA348, 0xA3CA, 0xBC2A, 0xB40B, 0xBC4D, 
  0xBC2C, 0xB44C, 0xB42B, 0xBC4B, 0xB40B, 0xB3EA, 0xB3EA, 0xB3EA, 0xAC4D, 0xEF3B, 0xFFFF, 0xFFFF, 0xFFFF, 0xFFFF, 0xFFFF, 0xFFFF, 
  0xFFFF, 0xFFFF, 0xFFFF, 0xFFFF, 0xFFFF, 0xFFFF, 0xFFFF, 0xFFFF, 0xFFFF, 0xFFFF, 0xFFFF, 0xFFFF, 0xFFFF, 0xFFFF, 0xFFFF, 0xFFFF, 
  0xFFFF, 0xFFFF, 0xFFFF, 0xFFFF, 0xFFFF, 0xFFFF, 0xFFFF, 0xFFFF, 0xFFFF, 0xFFFF, 0xFFFF, 0xFFFF, 0xFFFF, 0xFFFF, 0xFFFF, 0xFFFF, 
  0xFFFF, 0xFFFF, 0xFFFF, 0xFFFF, 0xFFFF, 0xFFFF, 0xFFFF, 0xFFFF, 0xFFFF, 0xFFFF, 0xFFFF, 0xFFFF, 0xFFFF, 0xFFFF, 0xFFFF, 0xFFFF, 
  0xFFFF, 0xFFFF, 0xFFFF, 0xFFFF, 0xFFFF, 0xFFFF, 0xFFFF, 0xFFFF, 0xFFFF, 0xFFFF, 0xFFFF, 0xFFFF, 0xFFFF, 0xFFFF, 0xFFFF, 0xFFFF, 
  0xFFFF, 0xFFFF, 0xFFFF, 0xFFFF, 0xFFFF, 0xFFFF, 0xFFFF, 0xFFFF, 0xFFFF, 0xFFFF, 0xFFFF, 0xFFFF, 0xFFFF, 0xFFFF, 0xFFFF, 0xFFFF, 
  0xFFFF, 0xFFFF, 0xFFFF, 0xFFFF, 0xFFFF, 0xFFFF, 0xFFFF, 0xFFFF, 0xFFFF, 0xFFFF, 0xFFFF, 0xFFFF, 0xFFFF, 0xFFFF, 0xFFFF, 0xFFFF, 
  0xFFFF, 0xFFFF, 0xFFFF, 0xFFFF, 0xFFFF, 0xFFFF, 0xFFFF, 0xE6FA, 0x938B, 0x8329, 0x7287, 0x7246, 0x7AC8, 0x7245, 0x7AA8, 0x82E9, 
  0x8309, 0x7AE9, 0x7287, 0x7A87, 0x8309, 0x7AA7, 0x7AA7, 0x7288, 0xB533, 0xFFFF, 0xFFDF, 0xFFFF, 0xFFFF, 0xFFFF, 0xFFFF, 0xFFFF, 
  0xFFFF, 0xFFFF, 0xFFFF, 0xFFFF, 0xFFFF, 0xFFFF, 0xFFFF, 0xFFFF, 0xFFFF, 0xFFFF, 0xFFFF, 0xFFFF, 0xFFFF, 0xFFFF, 0xFFFF, 0xFFFF, 
  0xFFFF, 0xFFFF, 0xFFFF, 0xFFFF, 0xFFFF, 0xFFFF, 0xFFFF, 0xFFFF, 0xFFFF, 0xFFFF, 0xFFFF, 0xFFFF, 0xFFFF, 0xFFFF, 0xFFFF, 0xFFFF, 
  0xFFFF, 0xFFFF, 0xFFFF, 0xFFFF, 0xFFFF, 0xFFFF, 0xFFFF, 0xFFFF, 0xFFFF, 0xFFFF, 0xFFFF, 0xFFFF, 0xFFFF, 0xFFFF, 0xFFFF, 0xFFFF, 
  0xFFFF, 0xFFFF, 0xFFFF, 0xFFFF, 0xFFFF, 0xFFFF, 0xFFFF, 0xFFFF, 0xFFFF, 0xFFFF, 0xFFFF, 0xFFFF, 0xFFFF, 0xFFFF, 0xFFFF, 0xFFFF, 
  0xFFFF, 0xFFFF, 0xFFFF, 0xFFFF, 0xFFFF, 0xFFFF, 0xFFFF, 0xFFFF, 0xFFFF, 0xFFFF, 0xFFFF, 0xFFFF, 0xFFFF, 0xFFFF, 0xFFFF, 0xFFFF, 
  0xFFFF, 0xFFFF, 0xFFFF, 0xFFFF, 0xFFFF, 0xFFFF, 0xFFFF, 0xFFFF, 0xFFFF, 0xFFFF, 0xFFFF, 0xFFFF, 0xFFFF, 0xFFFF, 0xFFFF, 0xFFFF, 
  0xFFFF, 0xFFFF, 0xFFFF, 0xFFFF, 0xFFFF, 0xFFFF, 0xFFFF, 0xFFFF, 0x9CB2, 0x738E, 0x736D, 0x736D, 0x7BAE, 0x7B6D, 0x7BAE, 0x7BAF, 
  0x838E, 0x8C10, 0x7BAE, 0x736D, 0x83EF, 0x73AE, 0x7BAE, 0x7BAE, 0xBDB6, 0xFFFF, 0xFFFF, 0xFFFF, 0xFFFF, 0xFFFF, 0xFFFF, 0xFFFF, 
  0xFFFF, 0xFFFF, 0xFFFF, 0xFFFF, 0xFFFF, 0xFFFF, 0xFFFF, 0xFFFF, 0xFFFF, 0xFFFF, 0xFFFF, 0xFFFF, 0xFFFF, 0xFFFF, 0xFFFF, 0xFFFF, 
  0xFFFF, 0xFFFF, 0xFFFF, 0xFFFF, 0xFFFF, 0xFFFF, 0xFFFF, 0xFFFF, 0xFFFF, 0xFFFF, 0xFFFF, 0xFFFF, 0xFFFF, 0xFFFF, 0xFFFF, 0xFFFF, 
  0xFFFF, 0xFFFF, 0xFFFF, 0xFFFF, 0xFFFF, 0xFFFF, 0xFFFF, 0xFFFF, 0xFFFF, 0xFFFF, 0xFFFF, 0xFFFF, 0xFFFF, 0xFFFF, 0xFFFF, 0xFFFF, 
  0xFFFF, 0xFFFF, 0xFFFF, 0xFFFF, 0xFFFF, 0xFFFF, 0xFFFF, 0xFFFF, 0xFFFF, 0xFFFF, 0xFFFF, 0xFFFF, 0xFFFF, 0xFFFF, 0xFFFF, 0xFFFF, 
  0xFFFF, 0xFFFF, 0xFFFF, 0xFFFF, 0xFFFF, 0xFFFF, 0xFFFF, 0xFFFF, 0xFFFF, 0xFFFF, 0xFFFF, 0xFFFF, 0xFFFF, 0xFFFF, 0xFFFF, 0xFFFF, 
  0xFFFF, 0xFFFF, 0xFFFF, 0xFFFF, 0xFFFF, 0xFFFF, 0xFFFF, 0xFFFF, 0xFFFF, 0xFFFF, 0xFFFF, 0xFFFF, 0xFFFF, 0xFFFF, 0xFFFF, 0xFFFF, 
  0xFFFF, 0xFFFF, 0xFFFF, 0xFFFF, 0xFFFF, 0xFFFF, 0xFFFF, 0xFFFF, 0x6B4D, 0x5269, 0x41C7, 0x41C7, 0x5A69, 0x51E7, 0x5228, 0x5A49, 
  0x5A08, 0x6ACB, 0x4A08, 0x41A6, 0x5A8A, 0x5208, 0x4A07, 0x5228, 0x9C92, 0xFFFF, 0xFFFF, 0xFFFF, 0xFFFF, 0xFFFF, 0xFFFF, 0xFFFF, 
  0xFFFF, 0xFFFF, 0xFFFF, 0xFFFF, 0xFFFF, 0xFFFF, 0xFFFF, 0xFFFF, 0xFFFF, 0xFFFF, 0xFFFF, 0xFFFF, 0xFFFF, 0xFFFF, 0xFFFF, 0xFFFF, 
  0xFFFF, 0xFFFF, 0xFFFF, 0xFFFF, 0xFFFF, 0xFFFF, 0xFFFF, 0xFFFF, 0xFFFF, 0xFFFF, 0xFFFF, 0xFFFF, 0xFFFF, 0xFFFF, 0xFFFF, 0xFFFF, 
  0xFFFF, 0xFFFF, 0xFFFF, 0xFFFF, 0xFFFF, 0xFFFF, 0xFFFF, 0xFFFF, 0xFFFF, 0xFFFF, 0xFFFF, 0xFFFF, 0xFFFF, 0xFFFF, 0xFFFF, 0xFFFF, 
  0xFFFF, 0xFFFF, 0xFFFF, 0xFFFF, 0xFFFF, 0xFFFF, 0xFFFF, 0xFFFF, 0xFFFF, 0xFFFF, 0xFFFF, 0xFFFF, 0xFFFF, 0xFFFF, 0xFFFF, 0xFFFF, 
  0xFFFF, 0xFFFF, 0xFFFF, 0xFFFF, 0xFFFF, 0xFFFF, 0xFFFF, 0xFFFF, 0xFFFF, 0xFFFF, 0xFFFF, 0xFFFF, 0xFFFF, 0xFFFF, 0xFFFF, 0xFFFF, 
  0xFFFF, 0xFFFF, 0xFFFF, 0xFFFF, 0xFFFF, 0xFFFF, 0xFFFF, 0xFFFF, 0xFFFF, 0xFFFF, 0xFFFF, 0xFFFF, 0xFFFF, 0xFFFF, 0xFFFF, 0xFFFF, 
  0xFFFF, 0xFFFF, 0xFFFF, 0xFFFF, 0xFFFF, 0xFFFF, 0xFFFF, 0xFFFF, 0x5ACB, 0x4A28, 0x3124, 0x3165, 0x5208, 0x3924, 0x41A6, 0x49E7, 
  0x4986, 0x5A49, 0x3986, 0x3124, 0x4A07, 0x4185, 0x3965, 0x49C7, 0x8C10, 0xFFFF, 0xFFFF, 0xFFFF, 0xFFFF, 0xFFFF, 0xFFFF, 0xFFFF, 
  0xFFFF, 0xFFFF, 0xFFFF, 0xFFFF, 0xFFFF, 0xFFFF, 0xFFFF, 0xFFFF, 0xFFFF, 0xFFFF, 0xFFFF, 0xFFFF, 0xFFFF, 0xFFFF, 0xFFFF, 0xFFFF, 
  0xFFFF, 0xFFFF, 0xFFFF, 0xFFFF, 0xFFFF, 0xFFFF, 0xFFFF, 0xFFFF, 0xFFFF, 0xFFFF, 0xFFFF, 0xFFFF, 0xFFFF, 0xFFFF, 0xFFFF, 0xFFFF, 
  0xFFFF, 0xFFFF, 0xFFFF, 0xFFFF, 0xFFFF, 0xFFFF, 0xFFFF, 0xFFFF, 0xFFFF, 0xFFFF, 0xFFFF, 0xFFFF, 0xFFFF, 0xFFFF, 0xFFFF, 0xFFFF, 
  0xFFFF, 0xFFFF, 0xFFFF, 0xFFFF, 0xFFFF, 0xFFFF, 0xFFFF, 0xFFFF, 0xFFFF, 0xFFFF, 0xFFFF, 0xFFFF, 0xFFFF, 0xFFFF, 0xFFFF, 0xFFFF, 
  0xFFFF, 0xFFFF, 0xFFFF, 0xFFFF, 0xFFFF, 0xFFFF, 0xFFFF, 0xFFFF, 0xFFFF, 0xFFFF, 0xFFFF, 0xFFFF, 0xFFFF, 0xFFFF, 0xFFFF, 0xFFFF, 
  0xFFFF, 0xFFFF, 0xFFFF, 0xFFFF, 0xFFFF, 0xFFFF, 0xFFFF, 0xFFFF, 0xFFFF, 0xFFFF, 0xFFFF, 0xFFFF, 0xFFFF, 0xFFFF, 0xFFFF, 0xFFFF, 
  0xFFFF, 0xFFFF, 0xFFFF, 0xFFFF, 0xFFFF, 0xFFFF, 0xFFFF, 0xFFDF, 0x528A, 0x4A28, 0x2924, 0x3986, 0x5228, 0x3945, 0x49C7, 0x5207, 
  0x49A6, 0x5A89, 0x41A7, 0x3145, 0x5228, 0x41A6, 0x4186, 0x51E7, 0x83EF, 0xFFFF, 0xFFFF, 0xFFFF, 0xFFFF, 0xFFFF, 0xFFFF, 0xFFFF, 
  0xFFFF, 0xFFFF, 0xFFFF, 0xFFFF, 0xFFFF, 0xFFFF, 0xFFFF, 0xFFFF, 0xFFFF, 0xFFFF, 0xFFFF, 0xFFFF, 0xFFFF, 0xFFFF, 0xFFFF, 0xFFFF, 
  0xFFFF, 0xFFFF, 0xFFFF, 0xFFFF, 0xFFFF, 0xFFFF, 0xFFFF, 0xFFFF, 0xFFFF, 0xFFFF, 0xFFFF, 0xFFFF, 0xFFFF, 0xFFFF, 0xFFFF, 0xFFFF, 
  0xFFFF, 0xFFFF, 0xFFFF, 0xFFFF, 0xFFFF, 0xFFFF, 0xFFFF, 0xFFFF, 0xFFFF, 0xFFFF, 0xFFFF, 0xFFFF, 0xFFFF, 0xFFFF, 0xFFFF, 0xFFFF, 
  0xFFFF, 0xFFFF, 0xFFFF, 0xFFFF, 0xFFFF, 0xFFFF, 0xFFFF, 0xFFFF, 0xFFFF, 0xFFFF, 0xFFFF, 0xFFFF, 0xFFFF, 0xFFFF, 0xFFFF, 0xFFFF, 
  0xFFFF, 0xFFFF, 0xFFFF, 0xFFFF, 0xFFFF, 0xFFFF, 0xFFFF, 0xFFFF, 0xFFFF, 0xFFFF, 0xFFFF, 0xFFFF, 0xFFFF, 0xFFFF, 0xFFFF, 0xFFFF, 
  0xFFFF, 0xFFFF, 0xFFFF, 0xFFFF, 0xFFFF, 0xFFFF, 0xFFFF, 0xFFFF, 0xFFFF, 0xFFFF, 0xFFFF, 0xFFFF, 0xFFFF, 0xFFFF, 0xFFFF, 0xFFFF, 
  0xFFFF, 0xFFFF, 0xFFFF, 0xFFFF, 0xFFFF, 0xFFFF, 0xFFFF, 0xF79E, 0x4A49, 0x4A28, 0x2904, 0x41A6, 0x5228, 0x3945, 0x49C7, 0x5208, 
  0x51E6, 0x5A69, 0x41C6, 0x3145, 0x5A49, 0x41A6, 0x41A6, 0x49E7, 0x7BAE, 0xFFFF, 0xFFFF, 0xFFFF, 0xFFFF, 0xFFFF, 0xFFFF, 0xFFFF, 
  0xFFFF, 0xFFFF, 0xFFFF, 0xFFFF, 0xFFFF, 0xFFFF, 0xFFFF, 0xFFFF, 0xFFFF, 0xFFFF, 0xFFFF, 0xFFFF, 0xFFFF, 0xFFFF, 0xFFFF, 0xFFFF, 
  0xFFFF, 0xFFFF, 0xFFFF, 0xFFFF, 0xFFFF, 0xFFFF, 0xFFFF, 0xFFFF, 0xFFFF, 0xFFFF, 0xFFFF, 0xFFFF, 0xFFFF, 0xFFFF, 0xFFFF, 0xFFFF, 
  0xFFFF, 0xFFFF, 0xFFFF, 0xFFFF, 0xFFFF, 0xFFFF, 0xFFFF, 0xFFFF, 0xFFFF, 0xFFFF, 0xFFFF, 0xFFFF, 0xFFFF, 0xFFFF, 0xFFFF, 0xFFFF, 
  0xFFFF, 0xFFFF, 0xFFFF, 0xFFFF, 0xFFFF, 0xFFFF, 0xFFFF, 0xFFFF, 0xFFFF, 0xFFFF, 0xFFFF, 0xFFFF, 0xFFFF, 0xFFFF, 0xFFFF, 0xFFFF, 
  0xFFFF, 0xFFFF, 0xFFFF, 0xFFFF, 0xFFFF, 0xFFFF, 0xFFFF, 0xFFFF, 0xFFFF, 0xFFFF, 0xFFFF, 0xFFFF, 0xFFFF, 0xFFFF, 0xFFFF, 0xFFFF, 
  0xFFFF, 0xFFFF, 0xFFFF, 0xFFFF, 0xFFFF, 0xFFFF, 0xFFFF, 0xFFFF, 0xFFFF, 0xFFFF, 0xFFFF, 0xFFFF, 0xFFFF, 0xFFFF, 0xFFFF, 0xFFFF, 
  0xFFFF, 0xFFFF, 0xFFFF, 0xFFFF, 0xFFFF, 0xFFFF, 0xFFFF, 0xEF5D, 0x5269, 0x5269, 0x2945, 0x41E7, 0x5248, 0x3965, 0x49E7, 0x5228, 
  0x41C6, 0x5269, 0x41E7, 0x3185, 0x5249, 0x41C7, 0x41E7, 0x4A28, 0x7BCF, 0xFFFF, 0xFFFF, 0xFFFF, 0xFFFF, 0xFFFF, 0xFFFF, 0xFFFF, 
  0xFFFF, 0xFFFF, 0xFFFF, 0xFFFF, 0xFFFF, 0xFFFF, 0xFFFF, 0xFFFF, 0xFFFF, 0xFFFF, 0xFFFF, 0xFFFF, 0xFFFF, 0xFFFF, 0xFFFF, 0xFFFF, 
  0xFFFF, 0xFFFF, 0xFFFF, 0xFFFF, 0xFFFF, 0xFFFF, 0xFFFF, 0xFFFF, 0xFFFF, 0xFFFF, 0xFFFF, 0xFFFF, 0xFFFF, 0xFFFF, 0xFFFF, 0xFFFF, 
  0xFFFF, 0xFFFF, 0xFFFF, 0xFFFF, 0xFFFF, 0xFFFF, 0xFFFF, 0xFFFF, 0xFFFF, 0xFFFF, 0xFFFF, 0xFFFF, 0xFFFF, 0xFFFF, 0xFFFF, 0xFFFF, 
  0xFFFF, 0xFFFF, 0xFFFF, 0xFFFF, 0xFFFF, 0xFFFF, 0xFFFF, 0xFFFF, 0xFFFF, 0xFFFF, 0xFFFF, 0xFFFF, 0xFFFF, 0xFFFF, 0xFFFF, 0xFFFF, 
  0xFFFF, 0xFFFF, 0xFFFF, 0xFFFF, 0xFFFF, 0xFFFF, 0xFFFF, 0xFFFF, 0xFFFF, 0xFFFF, 0xFFFF, 0xFFFF, 0xFFFF, 0xFFFF, 0xFFFF, 0xFFFF, 
  0xFFFF, 0xFFFF, 0xFFFF, 0xFFFF, 0xFFFF, 0xFFFF, 0xFFFF, 0xFFFF, 0xFFFF, 0xFFFF, 0xFFFF, 0xFFFF, 0xFFFF, 0xFFFF, 0xFFFF, 0xFFFF, 
  0xFFFF, 0xFFFF, 0xFFFF, 0xFFFF, 0xFFFF, 0xFFFF, 0xFFFF, 0xE71C, 0x4208, 0x4A28, 0x2904, 0x41C7, 0x5208, 0x3945, 0x49C7, 0x5228, 
  0x4986, 0x4A28, 0x39A6, 0x3145, 0x5249, 0x4186, 0x49A6, 0x49C7, 0x6B4D, 0xFFFF, 0xFFFF, 0xFFFF, 0xFFFF, 0xFFFF, 0xFFFF, 0xFFFF, 
  0xFFFF, 0xFFFF, 0xFFFF, 0xFFFF, 0xFFFF, 0xFFFF, 0xFFFF, 0xFFFF, 0xFFFF, 0xFFFF, 0xFFFF, 0xFFFF, 0xFFFF, 0xFFFF, 0xFFFF, 0xFFFF, 
  0xFFFF, 0xFFFF, 0xFFFF, 0xFFFF, 0xFFFF, 0xFFFF, 0xFFFF, 0xFFFF, 0xFFFF, 0xFFFF, 0xFFFF, 0xFFFF, 0xFFFF, 0xFFFF, 0xFFFF, 0xFFFF, 
  0xFFFF, 0xFFFF, 0xFFFF, 0xFFFF, 0xFFFF, 0xFFFF, 0xFFFF, 0xFFFF, 0xFFFF, 0xFFFF, 0xFFFF, 0xFFFF, 0xFFFF, 0xFFFF, 0xFFFF, 0xFFFF, 
  0xFFFF, 0xFFFF, 0xFFFF, 0xFFFF, 0xFFFF, 0xFFFF, 0xFFFF, 0xFFFF, 0xFFFF, 0xFFFF, 0xFFFF, 0xFFFF, 0xFFFF, 0xFFFF, 0xFFFF, 0xFFFF, 
  0xFFFF, 0xFFFF, 0xFFFF, 0xFFFF, 0xFFFF, 0xFFFF, 0xFFFF, 0xFFFF, 0xFFFF, 0xFFFF, 0xFFFF, 0xFFFF, 0xFFFF, 0xFFFF, 0xFFFF, 0xFFFF, 
  0xFFFF, 0xFFFF, 0xFFFF, 0xFFFF, 0xFFFF, 0xFFFF, 0xFFFF, 0xFFFF, 0xFFFF, 0xFFFF, 0xFFFF, 0xFFFF, 0xFFFF, 0xFFFF, 0xFFFF, 0xFFFF, 
  0xFFFF, 0xFFFF, 0xFFFF, 0xFFFF, 0xFFFF, 0xFFFF, 0xFFFF, 0xDEDB, 0x41E7, 0x4A28, 0x2104, 0x41C7, 0x49E7, 0x3944, 0x49E7, 0x5208, 
  0x4185, 0x4A08, 0x41A6, 0x3945, 0x5249, 0x4186, 0x41A6, 0x41A6, 0x630C, 0xFFFF, 0xFFFF, 0xFFFF, 0xFFFF, 0xFFFF, 0xFFFF, 0xFFFF, 
  0xFFFF, 0xFFFF, 0xFFFF, 0xFFFF, 0xFFFF, 0xFFFF, 0xFFFF, 0xFFFF, 0xFFFF, 0xFFFF, 0xFFFF, 0xFFFF, 0xFFFF, 0xFFFF, 0xFFFF, 0xFFFF, 
  0xFFFF, 0xFFFF, 0xFFFF, 0xFFFF, 0xFFFF, 0xFFFF, 0xFFFF, 0xFFFF, 0xFFFF, 0xFFFF, 0xFFFF, 0xFFFF, 0xFFFF, 0xFFFF, 0xFFFF, 0xFFFF, 
  0xFFFF, 0xFFFF, 0xFFFF, 0xFFFF, 0xFFFF, 0xFFFF, 0xFFFF, 0xFFFF, 0xFFFF, 0xFFFF, 0xFFFF, 0xFFFF, 0xFFFF, 0xFFFF, 0xFFFF, 0xFFFF, 
  0xFFFF, 0xFFFF, 0xFFFF, 0xFFFF, 0xFFFF, 0xFFFF, 0xFFFF, 0xFFFF, 0xFFFF, 0xFFFF, 0xFFFF, 0xFFFF, 0xFFFF, 0xFFFF, 0xFFFF, 0xFFFF, 
  0xFFFF, 0xFFFF, 0xFFFF, 0xFFFF, 0xFFFF, 0xFFFF, 0xFFFF, 0xFFFF, 0xFFFF, 0xFFFF, 0xFFFF, 0xFFFF, 0xFFFF, 0xFFFF, 0xFFFF, 0xFFFF, 
  0xFFFF, 0xFFFF, 0xFFFF, 0xFFFF, 0xFFFF, 0xFFFF, 0xFFFF, 0xFFFF, 0xFFFF, 0xFFFF, 0xFFFF, 0xFFFF, 0xFFFF, 0xFFFF, 0xFFFF, 0xFFFF, 
  0xFFFF, 0xFFFF, 0xFFFF, 0xFFFF, 0xFFFF, 0xFFFF, 0xFFFF, 0xCE79, 0x39C6, 0x4207, 0x20E3, 0x41C7, 0x49E7, 0x3124, 0x49E7, 0x5208, 
  0x3945, 0x4A08, 0x41A6, 0x3125, 0x5228, 0x49C7, 0x49A6, 0x41A6, 0x6B0C, 0xFFFF, 0xFFFF, 0xFFFF, 0xFFFF, 0xFFFF, 0xFFFF, 0xFFFF, 
  0xFFFF, 0xFFFF, 0xFFFF, 0xFFFF, 0xFFFF, 0xFFFF, 0xFFFF, 0xFFFF, 0xFFFF, 0xFFFF, 0xFFFF, 0xFFFF, 0xFFFF, 0xFFFF, 0xFFFF, 0xFFFF, 
  0xFFFF, 0xFFFF, 0xFFFF, 0xFFFF, 0xFFFF, 0xFFFF, 0xFFFF, 0xFFFF, 0xFFFF, 0xFFFF, 0xFFFF, 0xFFFF, 0xFFFF, 0xFFFF, 0xFFFF, 0xFFFF, 
  0xFFFF, 0xFFFF, 0xFFFF, 0xFFFF, 0xFFFF, 0xFFFF, 0xFFFF, 0xFFFF, 0xFFFF, 0xFFFF, 0xFFFF, 0xFFFF, 0xFFFF, 0xFFFF, 0xFFFF, 0xFFFF, 
  0xFFFF, 0xFFFF, 0xFFFF, 0xFFFF, 0xFFFF, 0xFFFF, 0xFFFF, 0xFFFF, 0xFFFF, 0xFFFF, 0xFFFF, 0xFFFF, 0xFFFF, 0xFFFF, 0xFFFF, 0xFFFF, 
  0xFFFF, 0xFFFF, 0xFFFF, 0xFFFF, 0xFFFF, 0xFFFF, 0xFFFF, 0xFFFF, 0xFFFF, 0xFFFF, 0xFFFF, 0xFFFF, 0xFFFF, 0xFFFF, 0xFFFF, 0xFFFF, 
  0xFFFF, 0xFFFF, 0xFFFF, 0xFFFF, 0xFFFF, 0xFFFF, 0xFFFF, 0xFFFF, 0xFFFF, 0xFFFF, 0xFFFF, 0xFFFF, 0xFFFF, 0xFFFF, 0xFFFF, 0xFFFF, 
  0xFFFF, 0xFFFF, 0xFFFF, 0xFFFF, 0xFFFF, 0xFFFF, 0xFFFF, 0xC618, 0x4208, 0x4A48, 0x2944, 0x4A28, 0x5228, 0x3145, 0x4A08, 0x5249, 
  0x4186, 0x4A28, 0x41C7, 0x3965, 0x5249, 0x4A07, 0x41C6, 0x4A07, 0x6B2C, 0xFFFF, 0xFFFF, 0xFFFF, 0xFFFF, 0xFFFF, 0xFFFF, 0xFFFF, 
  0xFFFF, 0xFFFF, 0xFFFF, 0xFFFF, 0xFFFF, 0xFFFF, 0xFFFF, 0xFFFF, 0xFFFF, 0xFFFF, 0xFFFF, 0xFFFF, 0xFFFF, 0xFFFF, 0xFFFF, 0xFFFF, 
  0xFFFF, 0xFFFF, 0xFFFF, 0xFFFF, 0xFFFF, 0xFFFF, 0xFFFF, 0xFFFF, 0xFFFF, 0xFFFF, 0xFFFF, 0xFFFF, 0xFFFF, 0xFFFF, 0xFFFF, 0xFFFF, 
  0xFFFF, 0xFFFF, 0xFFFF, 0xFFFF, 0xFFFF, 0xFFFF, 0xFFFF, 0xFFFF, 0xFFFF, 0xFFFF, 0xFFFF, 0xFFFF, 0xFFFF, 0xFFFF, 0xFFFF, 0xFFFF, 
  0xFFFF, 0xFFFF, 0xFFFF, 0xFFFF, 0xFFFF, 0xFFFF, 0xFFFF, 0xFFFF, 0xFFFF, 0xFFFF, 0xFFFF, 0xFFFF, 0xFFFF, 0xFFFF, 0xFFFF, 0xFFFF, 
  0xFFFF, 0xFFFF, 0xFFFF, 0xFFFF, 0xFFFF, 0xFFFF, 0xFFFF, 0xFFFF, 0xFFFF, 0xFFFF, 0xFFFF, 0xFFFF, 0xFFFF, 0xFFFF, 0xFFFF, 0xFFFF, 
  0xFFFF, 0xFFFF, 0xFFFF, 0xFFFF, 0xFFFF, 0xFFFF, 0xFFFF, 0xFFFF, 0xFFFF, 0xFFFF, 0xFFFF, 0xFFFF, 0xFFFF, 0xFFFF, 0xFFFF, 0xFFFF, 
  0xFFFF, 0xFFFF, 0xFFFF, 0xFFFF, 0xFFFF, 0xFFFF, 0xFFFF, 0xBDB7, 0x4207, 0x4A28, 0x2924, 0x4A08, 0x4A08, 0x3965, 0x4A07, 0x51E7, 
  0x3124, 0x4A28, 0x41C7, 0x3965, 0x5249, 0x49E7, 0x4186, 0x49E7, 0x630C, 0xFFDF, 0xFFFF, 0xFFFF, 0xFFFF, 0xFFFF, 0xFFFF, 0xFFFF, 
  0xFFFF, 0xFFFF, 0xFFFF, 0xFFFF, 0xFFFF, 0xFFFF, 0xFFFF, 0xFFFF, 0xFFFF, 0xFFFF, 0xFFFF, 0xFFFF, 0xFFFF, 0xFFFF, 0xFFFF, 0xFFFF, 
  0xFFFF, 0xFFFF, 0xFFFF, 0xFFFF, 0xFFFF, 0xFFFF, 0xFFFF, 0xFFFF, 0xFFFF, 0xFFFF, 0xFFFF, 0xFFFF, 0xFFFF, 0xFFFF, 0xFFFF, 0xFFFF, 
  0xFFFF, 0xFFFF, 0xFFFF, 0xFFFF, 0xFFFF, 0xFFFF, 0xFFFF, 0xFFFF, 0xFFFF, 0xFFFF, 0xFFFF, 0xFFFF, 0xFFFF, 0xFFFF, 0xFFFF, 0xFFFF, 
  0xFFFF, 0xFFFF, 0xFFFF, 0xFFFF, 0xFFFF, 0xFFFF, 0xFFFF, 0xFFFF, 0xFFFF, 0xFFFF, 0xFFFF, 0xFFFF, 0xFFFF, 0xFFFF, 0xFFFF, 0xFFFF, 
  0xFFFF, 0xFFFF, 0xFFFF, 0xFFFF, 0xFFFF, 0xFFFF, 0xFFFF, 0xFFFF, 0xFFFF, 0xFFFF, 0xFFFF, 0xFFFF, 0xFFFF, 0xFFFF, 0xFFFF, 0xFFFF, 
  0xFFFF, 0xFFFF, 0xFFFF, 0xFFFF, 0xFFFF, 0xFFFF, 0xFFFF, 0xFFFF, 0xFFFF, 0xFFFF, 0xFFFF, 0xFFFF, 0xFFFF, 0xFFFF, 0xFFFF, 0xFFFF, 
  0xFFFF, 0xFFFF, 0xFFFF, 0xFFFF, 0xFFFF, 0xFFFF, 0xFFFF, 0xAD55, 0x39A6, 0x41E7, 0x2904, 0x5208, 0x49E7, 0x3944, 0x49E7, 0x7B6D, 
  0x732C, 0x5A89, 0x3986, 0x3124, 0x5208, 0x49C7, 0x3965, 0x41C7, 0x5ACB, 0xFFDF, 0xFFFF, 0xFFFF, 0xFFFF, 0xFFFF, 0xFFFF, 0xFFFF, 
  0xFFFF, 0xFFFF, 0xFFFF, 0xFFFF, 0xFFFF, 0xFFFF, 0xFFFF, 0xFFFF, 0xFFFF, 0xFFFF, 0xFFFF, 0xFFFF, 0xFFFF, 0xFFFF, 0xFFFF, 0xFFFF, 
  0xFFFF, 0xFFFF, 0xFFFF, 0xFFFF, 0xFFFF, 0xFFFF, 0xFFFF, 0xFFFF, 0xFFFF, 0xFFFF, 0xFFFF, 0xFFFF, 0xFFFF, 0xFFFF, 0xFFFF, 0xFFFF, 
  0xFFFF, 0xFFFF, 0xFFFF, 0xFFFF, 0xFFFF, 0xFFFF, 0xFFFF, 0xFFFF, 0xFFFF, 0xFFFF, 0xFFFF, 0xFFFF, 0xFFFF, 0xFFFF, 0xFFFF, 0xFFFF, 
  0xFFFF, 0xFFFF, 0xFFFF, 0xFFFF, 0xFFFF, 0xFFFF, 0xFFFF, 0xFFFF, 0xFFFF, 0xFFFF, 0xFFFF, 0xFFFF, 0xFFFF, 0xFFFF, 0xFFFF, 0xFFFF, 
  0xFFFF, 0xFFFF, 0xFFFF, 0xFFFF, 0xFFFF, 0xFFFF, 0xFFFF, 0xFFFF, 0xFFFF, 0xFFFF, 0xFFFF, 0xFFFF, 0xFFFF, 0xFFFF, 0xFFFF, 0xFFFF, 
  0xFFFF, 0xFFFF, 0xFFFF, 0xFFFF, 0xFFFF, 0xFFFF, 0xFFFF, 0xFFFF, 0xFFFF, 0xFFFF, 0xFFFF, 0xFFFF, 0xFFFF, 0xFFFF, 0xFFFF, 0xFFFF, 
  0xFFFF, 0xFFFF, 0xFFFF, 0xFFFF, 0xFFFF, 0xFFFF, 0xFFFF, 0xA514, 0x39A6, 0x41E7, 0x2904, 0x5208, 0x49C7, 0x3944, 0x5207, 0x940F, 
  0x940F, 0x62CA, 0x3986, 0x3145, 0x5228, 0x49C7, 0x3965, 0x41C7, 0x5A8A, 0xFFBE, 0xFFFF, 0xFFFF, 0xFFFF, 0xFFFF, 0xFFFF, 0xFFFF, 
  0xFFFF, 0xFFFF, 0xFFFF, 0xFFFF, 0xFFFF, 0xFFFF, 0xFFFF, 0xFFFF, 0xFFFF, 0xFFFF, 0xFFFF, 0xFFFF, 0xFFFF, 0xFFFF, 0xFFFF, 0xFFFF, 
  0xFFFF, 0xFFFF, 0xFFFF, 0xFFFF, 0xFFFF, 0xFFFF, 0xFFFF, 0xFFFF, 0xFFFF, 0xFFFF, 0xFFFF, 0xFFFF, 0xFFFF, 0xFFFF, 0xFFFF, 0xFFFF, 
  0xFFFF, 0xFFFF, 0xFFFF, 0xFFFF, 0xFFFF, 0xFFFF, 0xFFFF, 0xFFFF, 0xFFFF, 0xFFFF, 0xFFFF, 0xFFFF, 0xFFFF, 0xFFFF, 0xFFFF, 0xFFFF, 
  0xFFFF, 0xFFFF, 0xFFFF, 0xFFFF, 0xFFFF, 0xFFFF, 0xFFFF, 0xFFFF, 0xFFFF, 0xFFFF, 0xFFFF, 0xFFFF, 0xFFFF, 0xFFFF, 0xFFFF, 0xFFFF, 
  0xFFFF, 0xFFFF, 0xFFFF, 0xFFFF, 0xFFFF, 0xFFFF, 0xFFFF, 0xFFFF, 0xFFFF, 0xFFFF, 0xFFFF, 0xFFFF, 0xFFFF, 0xFFFF, 0xFFFF, 0xFFFF, 
  0xFFFF, 0xFFFF, 0xFFFF, 0xFFFF, 0xFFFF, 0xFFFF, 0xFFFF, 0xFFFF, 0xFFFF, 0xFFFF, 0xFFFF, 0xFFFF, 0xFFFF, 0xFFFF, 0xFFFF, 0xFFFF, 
  0xFFFF, 0xFFFF, 0xFFFF, 0xFFFF, 0xFFFF, 0xFFFF, 0xFFFF, 0x9CD3, 0x41E7, 0x41E7, 0x3124, 0x5228, 0x49E7, 0x3965, 0x5207, 0x59E7, 
  0x3924, 0x4A08, 0x41C7, 0x3165, 0x5248, 0x49E7, 0x3965, 0x4A08, 0x5AAA, 0xF79E, 0xFFFF, 0xFFFF, 0xFFFF, 0xFFFF, 0xFFFF, 0xFFFF, 
  0xFFFF, 0xFFFF, 0xFFFF, 0xFFFF, 0xFFFF, 0xFFFF, 0xFFFF, 0xFFFF, 0xFFFF, 0xFFFF, 0xFFFF, 0xFFFF, 0xFFFF, 0xFFFF, 0xFFFF, 0xFFFF, 
  0xFFFF, 0xFFFF, 0xFFFF, 0xFFFF, 0xFFFF, 0xFFFF, 0xFFFF, 0xFFFF, 0xFFFF, 0xFFFF, 0xFFFF, 0xFFFF, 0xFFFF, 0xFFFF, 0xFFFF, 0xFFFF, 
  0xFFFF, 0xFFFF, 0xFFFF, 0xFFFF, 0xFFFF, 0xFFFF, 0xFFFF, 0xFFFF, 0xFFFF, 0xFFFF, 0xFFFF, 0xFFFF, 0xFFFF, 0xFFFF, 0xFFFF, 0xFFFF, 
  0xFFFF, 0xFFFF, 0xFFFF, 0xFFFF, 0xFFFF, 0xFFFF, 0xFFFF, 0xFFFF, 0xFFFF, 0xFFFF, 0xFFFF, 0xFFFF, 0xFFFF, 0xFFFF, 0xFFFF, 0xFFFF, 
  0xFFFF, 0xFFFF, 0xFFFF, 0xFFFF, 0xFFFF, 0xFFFF, 0xFFFF, 0xFFFF, 0xFFFF, 0xFFFF, 0xFFFF, 0xFFFF, 0xFFFF, 0xFFFF, 0xFFFF, 0xFFFF, 
  0xFFFF, 0xFFFF, 0xFFFF, 0xFFFF, 0xFFFF, 0xFFFF, 0xFFFF, 0xFFFF, 0xFFFF, 0xFFFF, 0xFFFF, 0xFFFF, 0xFFFF, 0xFFFF, 0xFFFF, 0xFFFF, 
  0xFFFF, 0xFFFF, 0xFFFF, 0xFFFF, 0xFFFF, 0xFFFF, 0xFFFF, 0x9471, 0x4A28, 0x4207, 0x3145, 0x5249, 0x41E7, 0x3965, 0x5208, 0x5A48, 
  0x41A6, 0x5249, 0x41E7, 0x3165, 0x5249, 0x49E7, 0x3185, 0x4A07, 0x5A8A, 0xEF7D, 0xFFFF, 0xFFFF, 0xFFFF, 0xFFFF, 0xFFFF, 0xFFFF, 
  0xFFFF, 0xFFFF, 0xFFFF, 0xFFFF, 0xFFFF, 0xFFFF, 0xFFFF, 0xFFFF, 0xFFFF, 0xFFFF, 0xFFFF, 0xFFFF, 0xFFFF, 0xFFFF, 0xFFFF, 0xFFFF, 
  0xFFFF, 0xFFFF, 0xFFFF, 0xFFFF, 0xFFFF, 0xFFFF, 0xFFFF, 0xFFFF, 0xFFFF, 0xFFFF, 0xFFFF, 0xFFFF, 0xFFFF, 0xFFFF, 0xFFFF, 0xFFFF, 
  0xFFFF, 0xFFFF, 0xFFFF, 0xFFFF, 0xFFFF, 0xFFFF, 0xFFFF, 0xFFFF, 0xFFFF, 0xFFFF, 0xFFFF, 0xFFFF, 0xFFFF, 0xFFFF, 0xFFFF, 0xFFFF, 
  0xFFFF, 0xFFFF, 0xFFFF, 0xFFFF, 0xFFFF, 0xFFFF, 0xFFFF, 0xFFFF, 0xFFFF, 0xFFFF, 0xFFFF, 0xFFFF, 0xFFFF, 0xFFFF, 0xFFFF, 0xFFFF, 
  0xFFFF, 0xFFFF, 0xFFFF, 0xFFFF, 0xFFFF, 0xFFFF, 0xFFFF, 0xFFFF, 0xFFFF, 0xFFFF, 0xFFFF, 0xFFFF, 0xFFFF, 0xFFFF, 0xFFFF, 0xFFFF, 
  0xFFFF, 0xFFFF, 0xFFFF, 0xFFFF, 0xFFFF, 0xFFFF, 0xFFFF, 0xFFFF, 0xFFFF, 0xFFFF, 0xFFFF, 0xFFFF, 0xFFFF, 0xFFFF, 0xFFFF, 0xFFFF, 
  0xFFFF, 0xFFFF, 0xFFFF, 0xFFFF, 0xFFFF, 0xFFFF, 0xFFFF, 0x7BEF, 0x41C7, 0x41A6, 0x3124, 0x5228, 0x4186, 0x3945, 0x5207, 0x5A48, 
  0x3965, 0x4A08, 0x41A6, 0x3145, 0x5228, 0x49C7, 0x3165, 0x49C7, 0x5249, 0xEF5D, 0xFFFF, 0xFFFF, 0xFFFF, 0xFFFF, 0xFFFF, 0xFFFF, 
  0xFFFF, 0xFFFF, 0xFFFF, 0xFFFF, 0xFFFF, 0xFFFF, 0xFFFF, 0xFFFF, 0xFFFF, 0xFFFF, 0xFFFF, 0xFFFF, 0xFFFF, 0xFFFF, 0xFFFF, 0xFFFF, 
  0xFFFF, 0xFFFF, 0xFFFF, 0xFFFF, 0xFFFF, 0xFFFF, 0xFFFF, 0xFFFF, 0xFFFF, 0xFFFF, 0xFFFF, 0xFFFF, 0xFFFF, 0xFFFF, 0xFFFF, 0xFFFF, 
  0xFFFF, 0xFFFF, 0xFFFF, 0xFFFF, 0xFFFF, 0xFFFF, 0xFFFF, 0xFFFF, 0xFFFF, 0xFFFF, 0xFFFF, 0xFFFF, 0xFFFF, 0xFFFF, 0xFFFF, 0xFFFF, 
  0xFFFF, 0xFFFF, 0xFFFF, 0xFFFF, 0xFFFF, 0xFFFF, 0xFFFF, 0xFFFF, 0xFFFF, 0xFFFF, 0xFFFF, 0xFFFF, 0xFFFF, 0xFFFF, 0xFFFF, 0xFFFF, 
  0xFFFF, 0xFFFF, 0xFFFF, 0xFFFF, 0xFFFF, 0xFFFF, 0xFFFF, 0xFFFF, 0xFFFF, 0xFFFF, 0xFFFF, 0xFFFF, 0xFFFF, 0xFFFF, 0xFFFF, 0xFFFF, 
  0xFFFF, 0xFFFF, 0xFFFF, 0xFFFF, 0xFFFF, 0xFFFF, 0xFFFF, 0xFFFF, 0xFFFF, 0xFFFF, 0xFFFF, 0xFFFF, 0xFFFF, 0xFFFF, 0xFFFF, 0xFFFF, 
  0xFFFF, 0xFFFF, 0xFFFF, 0xFFFF, 0xFFFF, 0xFFFF, 0xFFFF, 0x738E, 0x41E7, 0x39A6, 0x3124, 0x5A28, 0x41A6, 0x3924, 0x5207, 0x5A28, 
  0x3945, 0x4A08, 0x41A6, 0x3945, 0x5A49, 0x49E8, 0x3145, 0x49C7, 0x5249, 0xE73C, 0xFFFF, 0xFFFF, 0xFFFF, 0xFFFF, 0xFFFF, 0xFFFF, 
  0xFFFF, 0xFFFF, 0xFFFF, 0xFFFF, 0xFFFF, 0xFFFF, 0xFFFF, 0xFFFF, 0xFFFF, 0xFFFF, 0xFFFF, 0xFFFF, 0xFFFF, 0xFFFF, 0xFFFF, 0xFFFF, 
  0xFFFF, 0xFFFF, 0xFFFF, 0xFFFF, 0xFFFF, 0xFFFF, 0xFFFF, 0xFFFF, 0xFFFF, 0xFFFF, 0xFFFF, 0xFFFF, 0xFFFF, 0xFFFF, 0xFFFF, 0xFFFF, 
  0xFFFF, 0xFFFF, 0xFFFF, 0xFFFF, 0xFFFF, 0xFFFF, 0xFFFF, 0xFFFF, 0xFFFF, 0xFFFF, 0xFFFF, 0xFFFF, 0xFFFF, 0xFFFF, 0xFFFF, 0xFFFF, 
  0xFFFF, 0xFFFF, 0xFFFF, 0xFFFF, 0xFFFF, 0xFFFF, 0xFFFF, 0xFFFF, 0xFFFF, 0xFFFF, 0xFFFF, 0xFFFF, 0xFFFF, 0xFFFF, 0xFFFF, 0xFFFF, 
  0xFFFF, 0xFFFF, 0xFFFF, 0xFFFF, 0xFFFF, 0xFFFF, 0xFFFF, 0xFFFF, 0xFFFF, 0xFFFF, 0xFFFF, 0xFFFF, 0xFFFF, 0xFFFF, 0xFFFF, 0xFFFF, 
  0xFFFF, 0xFFFF, 0xFFFF, 0xFFFF, 0xFFFF, 0xFFFF, 0xFFFF, 0xFFFF, 0xFFFF, 0xFFFF, 0xFFFF, 0xFFFF, 0xFFFF, 0xFFFF, 0xFFFF, 0xFFFF, 
  0xFFFF, 0xFFFF, 0xFFFF, 0xFFFF, 0xFFFF, 0xFFFF, 0xFFFF, 0x738E, 0x4A28, 0x41C6, 0x3965, 0x5249, 0x41C7, 0x3965, 0x5248, 0x5A48, 
  0x3165, 0x5249, 0x41C7, 0x3965, 0x5A8A, 0x4A08, 0x3165, 0x4A08, 0x5A69, 0xE6FB, 0xFFFF, 0xFFFF, 0xFFFF, 0xFFFF, 0xFFFF, 0xFFFF, 
  0xFFFF, 0xFFFF, 0xFFFF, 0xFFFF, 0xFFFF, 0xFFFF, 0xFFFF, 0xFFFF, 0xFFFF, 0xFFFF, 0xFFFF, 0xFFFF, 0xFFFF, 0xFFFF, 0xFFFF, 0xFFFF, 
  0xFFFF, 0xFFFF, 0xFFFF, 0xFFFF, 0xFFFF, 0xFFFF, 0xFFFF, 0xFFFF, 0xFFFF, 0xFFFF, 0xFFFF, 0xFFFF, 0xFFFF, 0xFFFF, 0xFFFF, 0xFFFF, 
  0xFFFF, 0xFFFF, 0xFFFF, 0xFFFF, 0xFFFF, 0xFFFF, 0xFFFF, 0xFFFF, 0xFFFF, 0xFFFF, 0xFFFF, 0xFFFF, 0xFFFF, 0xFFFF, 0xFFFF, 0xFFFF, 
  0xFFFF, 0xFFFF, 0xFFFF, 0xFFFF, 0xFFFF, 0xFFFF, 0xFFFF, 0xFFFF, 0xFFFF, 0xFFFF, 0xFFFF, 0xFFFF, 0xFFFF, 0xFFFF, 0xFFFF, 0xFFFF, 
  0xFFFF, 0xFFFF, 0xFFFF, 0xFFFF, 0xFFFF, 0xFFFF, 0xFFFF, 0xFFFF, 0xFFFF, 0xFFFF, 0xFFFF, 0xFFFF, 0xFFFF, 0xFFFF, 0xFFFF, 0xFFFF, 
  0xFFFF, 0xFFFF, 0xFFFF, 0xFFFF, 0xFFFF, 0xFFFF, 0xFFFF, 0xFFFF, 0xFFFF, 0xFFFF, 0xFFFF, 0xFFFF, 0xFFFF, 0xFFFF, 0xFFFF, 0xFFFF, 
  0xFFFF, 0xFFFF, 0xFFFF, 0xFFFF, 0xFFFF, 0xFFFF, 0xFFFF, 0x6B4D, 0x5249, 0x39A6, 0x3965, 0x5A69, 0x41C7, 0x3965, 0x5228, 0x51E7, 
  0x28E3, 0x4A48, 0x41E7, 0x3965, 0x5A89, 0x4A08, 0x3165, 0x4A08, 0x5A69, 0xDEDB, 0xFFFF, 0xFFFF, 0xFFFF, 0xFFFF, 0xFFFF, 0xFFFF, 
  0xFFFF, 0xFFFF, 0xFFFF, 0xFFFF, 0xFFFF, 0xFFFF, 0xFFFF, 0xFFFF, 0xFFFF, 0xFFFF, 0xFFFF, 0xFFFF, 0xFFFF, 0xFFFF, 0xFFFF, 0xFFFF, 
  0xFFFF, 0xFFFF, 0xFFFF, 0xFFFF, 0xFFFF, 0xFFFF, 0xFFFF, 0xFFFF, 0xFFFF, 0xFFFF, 0xFFFF, 0xFFFF, 0xFFFF, 0xFFFF, 0xFFFF, 0xFFFF, 
  0xFFFF, 0xFFFF, 0xFFFF, 0xFFFF, 0xFFFF, 0xFFFF, 0xFFFF, 0xFFFF, 0xFFFF, 0xFFFF, 0xFFFF, 0xFFFF, 0xFFFF, 0xFFFF, 0xFFFF, 0xFFFF, 
  0xFFFF, 0xFFFF, 0xFFFF, 0xFFFF, 0xFFFF, 0xFFFF, 0xFFFF, 0xFFFF, 0xFFFF, 0xFFFF, 0xFFFF, 0xFFFF, 0xFFFF, 0xFFFF, 0xFFFF, 0xFFFF, 
  0xFFFF, 0xFFFF, 0xFFFF, 0xFFFF, 0xFFFF, 0xFFFF, 0xFFFF, 0xFFFF, 0xFFFF, 0xFFFF, 0xFFFF, 0xFFFF, 0xFFFF, 0xFFFF, 0xFFFF, 0xFFFF, 
  0xFFFF, 0xFFFF, 0xFFFF, 0xFFFF, 0xFFFF, 0xFFFF, 0xFFFF, 0xFFFF, 0xFFFF, 0xFFFF, 0xFFFF, 0xFFFF, 0xFFFF, 0xFFFF, 0xFFFF, 0xFFFF, 
  0xFFFF, 0xFFFF, 0xFFFF, 0xFFFF, 0xFFFF, 0xFFFF, 0xFFFF, 0x62CB, 0x4A28, 0x3965, 0x3945, 0x5A49, 0x4186, 0x3124, 0x5208, 0x8BAE, 
  0x7B6C, 0x62CA, 0x41A6, 0x3945, 0x5A69, 0x5208, 0x3144, 0x49E7, 0x49E7, 0xD6BA, 0xFFFF, 0xFFFF, 0xFFFF, 0xFFFF, 0xFFFF, 0xFFFF, 
  0xFFFF, 0xFFFF, 0xFFFF, 0xFFFF, 0xFFFF, 0xFFFF, 0xFFFF, 0xFFFF, 0xFFFF, 0xFFFF, 0xFFFF, 0xFFFF, 0xFFFF, 0xFFFF, 0xFFFF, 0xFFFF, 
  0xFFFF, 0xFFFF, 0xFFFF, 0xFFFF, 0xFFFF, 0xFFFF, 0xFFFF, 0xFFFF, 0xFFFF, 0xFFFF, 0xFFFF, 0xFFFF, 0xFFFF, 0xFFFF, 0xFFFF, 0xFFFF, 
  0xFFFF, 0xFFFF, 0xFFFF, 0xFFFF, 0xFFFF, 0xFFFF, 0xFFFF, 0xFFFF, 0xFFFF, 0xFFFF, 0xFFFF, 0xFFFF, 0xFFFF, 0xFFFF, 0xFFFF, 0xFFFF, 
  0xFFFF, 0xFFFF, 0xFFFF, 0xFFFF, 0xFFFF, 0xFFFF, 0xFFFF, 0xFFFF, 0xFFFF, 0xFFFF, 0xFFFF, 0xFFFF, 0xFFFF, 0xFFFF, 0xFFFF, 0xFFFF, 
  0xFFFF, 0xFFFF, 0xFFFF, 0xFFFF, 0xFFFF, 0xFFFF, 0xFFFF, 0xFFFF, 0xFFFF, 0xFFFF, 0xFFFF, 0xFFFF, 0xFFFF, 0xFFFF, 0xFFFF, 0xFFFF, 
  0xFFFF, 0xFFFF, 0xFFFF, 0xFFFF, 0xFFFF, 0xFFFF, 0xFFFF, 0xFFFF, 0xFFFF, 0xFFFF, 0xFFFF, 0xFFFF, 0xFFFF, 0xFFFF, 0xFFFF, 0xFFFF, 
  0xFFFF, 0xFFFF, 0xFFFF, 0xFFFF, 0xFFFF, 0xFFFF, 0xFFFF, 0x5AAA, 0x4A48, 0x3165, 0x3945, 0x5A69, 0x4186, 0x3145, 0x5227, 0x93EF, 
  0x83AE, 0x62CB, 0x41C7, 0x3945, 0x5A49, 0x5208, 0x3144, 0x41E7, 0x49C7, 0xD679, 0xFFFF, 0xFFFF, 0xFFFF, 0xFFFF, 0xFFFF, 0xFFFF, 
  0xFFFF, 0xFFFF, 0xFFFF, 0xFFFF, 0xFFFF, 0xFFFF, 0xFFFF, 0xFFFF, 0xFFFF, 0xFFFF, 0xFFFF, 0xFFFF, 0xFFFF, 0xFFFF, 0xFFFF, 0xFFFF, 
  0xFFFF, 0xFFFF, 0xFFFF, 0xFFFF, 0xFFFF, 0xFFFF, 0xFFFF, 0xFFFF, 0xFFFF, 0xFFFF, 0xFFFF, 0xFFFF, 0xFFFF, 0xFFFF, 0xFFFF, 0xFFFF, 
  0xFFFF, 0xFFFF, 0xFFFF, 0xFFFF, 0xFFFF, 0xFFFF, 0xFFFF, 0xFFFF, 0xFFFF, 0xFFFF, 0xFFFF, 0xFFFF, 0xFFFF, 0xFFFF, 0xFFFF, 0xFFFF, 
  0xFFFF, 0xFFFF, 0xFFFF, 0xFFFF, 0xFFFF, 0xFFFF, 0xFFFF, 0xFFFF, 0xFFFF, 0xFFFF, 0xFFFF, 0xFFFF, 0xFFFF, 0xFFFF, 0xFFFF, 0xFFFF, 
  0xFFFF, 0xFFFF, 0xFFFF, 0xFFFF, 0xFFFF, 0xFFFF, 0xFFFF, 0xFFFF, 0xFFFF, 0xFFFF, 0xFFFF, 0xFFFF, 0xFFFF, 0xFFFF, 0xFFFF, 0xFFFF, 
  0xFFFF, 0xFFFF, 0xFFFF, 0xFFFF, 0xFFFF, 0xFFFF, 0xFFFF, 0xFFFF, 0xFFFF, 0xFFFF, 0xFFFF, 0xFFFF, 0xFFFF, 0xFFFF, 0xFFFF, 0xFFFF, 
  0xFFFF, 0xFFFF, 0xFFFF, 0xFFFF, 0xFFFF, 0xFFFF, 0xFFDE, 0x5AAA, 0x5289, 0x3986, 0x3986, 0x5A8A, 0x41C7, 0x3186, 0x5248, 0x5208, 
  0x3124, 0x4A48, 0x4A07, 0x3965, 0x5A89, 0x5228, 0x3185, 0x4A08, 0x5249, 0xD679, 0xFFFF, 0xFFFF, 0xFFFF, 0xFFFF, 0xFFFF, 0xFFFF, 
  0xFFFF, 0xFFFF, 0xFFFF, 0xFFFF, 0xFFFF, 0xFFFF, 0xFFFF, 0xFFFF, 0xFFFF, 0xFFFF, 0xFFFF, 0xFFFF, 0xFFFF, 0xFFFF, 0xFFFF, 0xFFFF, 
  0xFFFF, 0xFFFF, 0xFFFF, 0xFFFF, 0xFFFF, 0xFFFF, 0xFFFF, 0xFFFF, 0xFFFF, 0xFFFF, 0xFFFF, 0xFFFF, 0xFFFF, 0xFFFF, 0xFFFF, 0xFFFF, 
  0xFFFF, 0xFFFF, 0xFFFF, 0xFFFF, 0xFFFF, 0xFFFF, 0xFFFF, 0xFFFF, 0xFFFF, 0xFFFF, 0xFFFF, 0xFFFF, 0xFFFF, 0xFFFF, 0xFFFF, 0xFFFF, 
  0xFFFF, 0xFFFF, 0xFFFF, 0xFFFF, 0xFFFF, 0xFFFF, 0xFFFF, 0xFFFF, 0xFFFF, 0xFFFF, 0xFFFF, 0xFFFF, 0xFFFF, 0xFFFF, 0xFFFF, 0xFFFF, 
  0xFFFF, 0xFFFF, 0xFFFF, 0xFFFF, 0xFFFF, 0xFFFF, 0xFFFF, 0xFFFF, 0xFFFF, 0xFFFF, 0xFFFF, 0xFFFF, 0xFFFF, 0xFFFF, 0xFFFF, 0xFFFF, 
  0xFFFF, 0xFFFF, 0xFFFF, 0xFFFF, 0xFFFF, 0xFFFF, 0xFFFF, 0xFFFF, 0xFFFF, 0xFFFF, 0xFFFF, 0xFFFF, 0xFFFF, 0xFFFF, 0xFFFF, 0xFFFF, 
  0xFFFF, 0xFFFF, 0xFFFF, 0xFFFF, 0xFFFF, 0xFFFF, 0xF79E, 0x5269, 0x5A8A, 0x3165, 0x3965, 0x628A, 0x49A6, 0x3965, 0x5228, 0x6249, 
  0x3986, 0x5249, 0x49E7, 0x3965, 0x5A49, 0x5228, 0x3165, 0x41E7, 0x5208, 0xC638, 0xFFFF, 0xFFFF, 0xFFFF, 0xFFFF, 0xFFFF, 0xFFFF, 
  0xFFFF, 0xFFFF, 0xFFFF, 0xFFFF, 0xFFFF, 0xFFFF, 0xFFFF, 0xFFFF, 0xFFFF, 0xFFFF, 0xFFFF, 0xFFFF, 0xFFFF, 0xFFFF, 0xFFFF, 0xFFFF, 
  0xFFFF, 0xFFFF, 0xFFFF, 0xFFFF, 0xFFFF, 0xFFFF, 0xFFFF, 0xFFFF, 0xFFFF, 0xFFFF, 0xFFFF, 0xFFFF, 0xFFFF, 0xFFFF, 0xFFFF, 0xFFFF, 
  0xFFFF, 0xFFFF, 0xFFFF, 0xFFFF, 0xFFFF, 0xFFFF, 0xFFFF, 0xFFFF, 0xFFFF, 0xFFFF, 0xFFFF, 0xFFFF, 0xFFFF, 0xFFFF, 0xFFFF, 0xFFFF, 
  0xFFFF, 0xFFFF, 0xFFFF, 0xFFFF, 0xFFFF, 0xFFFF, 0xFFFF, 0xFFFF, 0xFFFF, 0xFFFF, 0xFFFF, 0xFFFF, 0xFFFF, 0xFFFF, 0xFFFF, 0xFFFF, 
  0xFFFF, 0xFFFF, 0xFFFF, 0xFFFF, 0xFFFF, 0xFFFF, 0xFFFF, 0xFFFF, 0xFFFF, 0xFFFF, 0xFFFF, 0xFFFF, 0xFFFF, 0xFFFF, 0xFFFF, 0xFFFF, 
  0xFFFF, 0xFFFF, 0xFFFF, 0xFFFF, 0xFFFF, 0xFFFF, 0xFFFF, 0xFFFF, 0xFFFF, 0xFFFF, 0xFFFF, 0xFFFF, 0xFFFF, 0xFFFF, 0xFFFF, 0xFFFF, 
  0xFFFF, 0xFFFF, 0xFFFF, 0xFFFF, 0xFFFF, 0xFFFF, 0xEF5D, 0x4A08, 0x5249, 0x3145, 0x3945, 0x6269, 0x4186, 0x3145, 0x5207, 0x5A28, 
  0x3965, 0x4A28, 0x49E7, 0x4165, 0x5A49, 0x5208, 0x3165, 0x41C7, 0x4A08, 0xC5F7, 0xFFFF, 0xFFFF, 0xFFFF, 0xFFFF, 0xFFFF, 0xFFFF, 
  0xFFFF, 0xFFFF, 0xFFFF, 0xFFFF, 0xFFFF, 0xFFFF, 0xFFFF, 0xFFFF, 0xFFFF, 0xFFFF, 0xFFFF, 0xFFFF, 0xFFFF, 0xFFFF, 0xFFFF, 0xFFFF, 
  0xFFFF, 0xFFFF, 0xFFFF, 0xFFFF, 0xFFFF, 0xFFFF, 0xFFFF, 0xFFFF, 0xFFFF, 0xFFFF, 0xFFFF, 0xFFFF, 0xFFFF, 0xFFFF, 0xFFFF, 0xFFFF, 
  0xFFFF, 0xFFFF, 0xFFFF, 0xFFFF, 0xFFFF, 0xFFFF, 0xFFFF, 0xFFFF, 0xFFFF, 0xFFFF, 0xFFFF, 0xFFFF, 0xFFFF, 0xFFFF, 0xFFFF, 0xFFFF, 
  0xFFFF, 0xFFFF, 0xFFFF, 0xFFFF, 0xFFFF, 0xFFFF, 0xFFFF, 0xFFFF, 0xFFFF, 0xFFFF, 0xFFFF, 0xFFFF, 0xFFFF, 0xFFFF, 0xFFFF, 0xFFFF, 
  0xFFFF, 0xFFFF, 0xFFFF, 0xFFFF, 0xFFFF, 0xFFFF, 0xFFFF, 0xFFFF, 0xFFFF, 0xFFFF, 0xFFFF, 0xFFFF, 0xFFFF, 0xFFFF, 0xFFFF, 0xFFFF, 
  0xFFFF, 0xFFFF, 0xFFFF, 0xFFFF, 0xFFFF, 0xFFFF, 0xFFFF, 0xFFFF, 0xFFFF, 0xFFFF, 0xFFFF, 0xFFFF, 0xFFFF, 0xFFFF, 0xFFFF, 0xFFFF, 
  0xFFFF, 0xFFFF, 0xFFFF, 0xFFFF, 0xFFFF, 0xFFFF, 0xE6FB, 0x41E8, 0x5269, 0x3145, 0x3965, 0x628A, 0x4186, 0x3145, 0x5228, 0x5A08, 
  0x3965, 0x5248, 0x49E7, 0x4165, 0x5A69, 0x5229, 0x3165, 0x41C7, 0x51E8, 0xBDB6, 0xFFFF, 0xFFFF, 0xFFFF, 0xFFFF, 0xFFFF, 0xFFFF, 
  0xFFFF, 0xFFFF, 0xFFFF, 0xFFFF, 0xFFFF, 0xFFFF, 0xFFFF, 0xFFFF, 0xFFFF, 0xFFFF, 0xFFFF, 0xFFFF, 0xFFFF, 0xFFFF, 0xFFFF, 0xFFFF, 
  0xFFFF, 0xFFFF, 0xFFFF, 0xFFFF, 0xFFFF, 0xFFFF, 0xFFFF, 0xFFFF, 0xFFFF, 0xFFFF, 0xFFFF, 0xFFFF, 0xFFFF, 0xFFFF, 0xFFFF, 0xFFFF, 
  0xFFFF, 0xFFFF, 0xFFFF, 0xFFFF, 0xFFFF, 0xFFFF, 0xFFFF, 0xFFFF, 0xFFFF, 0xFFFF, 0xFFFF, 0xFFFF, 0xFFFF, 0xFFFF, 0xFFFF, 0xFFFF, 
  0xFFFF, 0xFFFF, 0xFFFF, 0xFFFF, 0xFFFF, 0xFFFF, 0xFFFF, 0xFFFF, 0xFFFF, 0xFFFF, 0xFFFF, 0xFFFF, 0xFFFF, 0xFFFF, 0xFFFF, 0xFFFF, 
  0xFFFF, 0xFFFF, 0xFFFF, 0xFFFF, 0xFFFF, 0xFFFF, 0xFFFF, 0xFFFF, 0xFFFF, 0xFFFF, 0xFFFF, 0xFFFF, 0xFFFF, 0xFFFF, 0xFFFF, 0xFFFF, 
  0xFFFF, 0xFFFF, 0xFFFF, 0xFFFF, 0xFFFF, 0xFFFF, 0xFFFF, 0xFFFF, 0xFFFF, 0xFFFF, 0xFFFF, 0xFFFF, 0xFFFF, 0xFFFF, 0xFFFF, 0xFFFF, 
  0xFFFF, 0xFFFF, 0xFFFF, 0xFFFF, 0xFFFF, 0xFFFF, 0xD6BA, 0x4208, 0x5AAA, 0x3165, 0x3986, 0x62AA, 0x4186, 0x3985, 0x5248, 0x41A6, 
  0x2904, 0x5249, 0x49E7, 0x3965, 0x5A69, 0x5229, 0x3185, 0x41E7, 0x5249, 0xB596, 0xFFFF, 0xFFFF, 0xFFFF, 0xFFFF, 0xFFFF, 0xFFFF, 
  0xFFFF, 0xFFFF, 0xFFFF, 0xFFFF, 0xFFFF, 0xFFFF, 0xFFFF, 0xFFFF, 0xFFFF, 0xFFFF, 0xFFFF, 0xFFFF, 0xFFFF, 0xFFFF, 0xFFFF, 0xFFFF, 
  0xFFFF, 0xFFFF, 0xFFFF, 0xFFFF, 0xFFFF, 0xFFFF, 0xFFFF, 0xFFFF, 0xFFFF, 0xFFFF, 0xFFFF, 0xFFFF, 0xFFFF, 0xFFFF, 0xFFFF, 0xFFFF, 
  0xFFFF, 0xFFFF, 0xFFFF, 0xFFFF, 0xFFFF, 0xFFFF, 0xFFFF, 0xFFFF, 0xFFFF, 0xFFFF, 0xFFFF, 0xFFFF, 0xFFFF, 0xFFFF, 0xFFFF, 0xFFFF, 
  0xFFFF, 0xFFFF, 0xFFFF, 0xFFFF, 0xFFFF, 0xFFFF, 0xFFFF, 0xFFFF, 0xFFFF, 0xFFFF, 0xFFFF, 0xFFFF, 0xFFFF, 0xFFFF, 0xFFFF, 0xFFFF, 
  0xFFFF, 0xFFFF, 0xFFFF, 0xFFFF, 0xFFFF, 0xFFFF, 0xFFFF, 0xFFFF, 0xFFFF, 0xFFFF, 0xFFFF, 0xFFFF, 0xFFFF, 0xFFFF, 0xFFFF, 0xFFFF, 
  0xFFFF, 0xFFFF, 0xFFFF, 0xFFFF, 0xFFFF, 0xFFFF, 0xFFFF, 0xFFFF, 0xFFFF, 0xFFFF, 0xFFFF, 0xFFFF, 0xFFFF, 0xFFFF, 0xFFFF, 0xFFFF, 
  0xFFFF, 0xFFFF, 0xFFFF, 0xFFFF, 0xFFFF, 0xFFFF, 0xCE79, 0x41C6, 0x5269, 0x3124, 0x3965, 0x628A, 0x3965, 0x3965, 0x5A48, 0x7B6D, 
  0x732C, 0x5AAA, 0x41C7, 0x3945, 0x5A49, 0x5A29, 0x3165, 0x39A6, 0x49E7, 0xAD55, 0xFFFF, 0xFFFF, 0xFFFF, 0xFFFF, 0xFFFF, 0xFFFF, 
  0xFFFF, 0xFFFF, 0xFFFF, 0xFFFF, 0xFFFF, 0xFFFF, 0xFFFF, 0xFFFF, 0xFFFF, 0xFFFF, 0xFFFF, 0xFFFF, 0xFFFF, 0xFFFF, 0xFFFF, 0xFFFF, 
  0xFFFF, 0xFFFF, 0xFFFF, 0xFFFF, 0xFFFF, 0xFFFF, 0xFFFF, 0xFFFF, 0xFFFF, 0xFFFF, 0xFFFF, 0xFFFF, 0xFFFF, 0xFFFF, 0xFFFF, 0xFFFF, 
  0xFFFF, 0xFFFF, 0xFFFF, 0xFFFF, 0xFFFF, 0xFFFF, 0xFFFF, 0xFFFF, 0xFFFF, 0xFFFF, 0xFFFF, 0xFFFF, 0xFFFF, 0xFFFF, 0xFFFF, 0xFFFF, 
  0xFFFF, 0xFFFF, 0xFFFF, 0xFFFF, 0xFFFF, 0xFFFF, 0xFFFF, 0xFFFF, 0xFFFF, 0xFFFF, 0xFFFF, 0xFFFF, 0xFFFF, 0xFFFF, 0xFFFF, 0xFFFF, 
  0xFFFF, 0xFFFF, 0xFFFF, 0xFFFF, 0xFFFF, 0xFFFF, 0xFFFF, 0xFFFF, 0xFFFF, 0xFFFF, 0xFFFF, 0xFFFF, 0xFFFF, 0xFFFF, 0xFFFF, 0xFFFF, 
  0xFFFF, 0xFFFF, 0xFFFF, 0xFFFF, 0xFFFF, 0xFFFF, 0xFFFF, 0xFFFF, 0xFFFF, 0xFFFF, 0xFFFF, 0xFFFF, 0xFFFF, 0xFFFF, 0xFFFF, 0xFFFF, 
  0xFFFF, 0xFFFF, 0xFFFF, 0xFFFF, 0xFFFF, 0xFFFF, 0xC618, 0x39A6, 0x4A49, 0x3124, 0x3965, 0x6269, 0x3965, 0x4185, 0x5A48, 0x8BEF, 
  0x83EE, 0x62CB, 0x41A7, 0x3945, 0x5A49, 0x5A49, 0x3965, 0x39A6, 0x49E7, 0xA514, 0xFFFF, 0xFFFF, 0xFFFF, 0xFFFF, 0xFFFF, 0xFFFF, 
  0xFFFF, 0xFFFF, 0xFFFF, 0xFFFF, 0xFFFF, 0xFFFF, 0xFFFF, 0xFFFF, 0xFFFF, 0xFFFF, 0xFFFF, 0xFFFF, 0xFFFF, 0xFFFF, 0xFFFF, 0xFFFF, 
  0xFFFF, 0xFFFF, 0xFFFF, 0xFFFF, 0xFFFF, 0xFFFF, 0xFFFF, 0xFFFF, 0xFFFF, 0xFFFF, 0xFFFF, 0xFFFF, 0xFFFF, 0xFFFF, 0xFFFF, 0xFFFF, 
  0xFFFF, 0xFFFF, 0xFFFF, 0xFFFF, 0xFFFF, 0xFFFF, 0xFFFF, 0xFFFF, 0xFFFF, 0xFFFF, 0xFFFF, 0xFFFF, 0xFFFF, 0xFFFF, 0xFFFF, 0xFFFF, 
  0xFFFF, 0xFFFF, 0xFFFF, 0xFFFF, 0xFFFF, 0xFFFF, 0xFFFF, 0xFFFF, 0xFFFF, 0xFFFF, 0xFFFF, 0xFFFF, 0xFFFF, 0xFFFF, 0xFFFF, 0xFFFF, 
  0xFFFF, 0xFFFF, 0xFFFF, 0xFFFF, 0xFFFF, 0xFFFF, 0xFFFF, 0xFFFF, 0xFFFF, 0xFFFF, 0xFFFF, 0xFFFF, 0xFFFF, 0xFFFF, 0xFFFF, 0xFFFF, 
  0xFFFF, 0xFFFF, 0xFFFF, 0xFFFF, 0xFFFF, 0xFFFF, 0xFFFF, 0xFFFF, 0xFFFF, 0xFFFF, 0xFFFF, 0xFFFF, 0xFFFF, 0xFFFF, 0xFFFF, 0xFFFF, 
  0xFFFF, 0xFFFF, 0xFFFF, 0xFFFF, 0xFFFF, 0xFFFF, 0xBDD7, 0x4A08, 0x5269, 0x3165, 0x41A6, 0x62AA, 0x3986, 0x4186, 0x5248, 0x41A6, 
  0x2904, 0x4A28, 0x41E7, 0x3965, 0x5A69, 0x5249, 0x3185, 0x39E7, 0x5249, 0xAD14, 0xFFFF, 0xFFFF, 0xFFFF, 0xFFFF, 0xFFFF, 0xFFFF, 
  0xFFFF, 0xFFFF, 0xFFFF, 0xFFFF, 0xFFFF, 0xFFFF, 0xFFFF, 0xFFFF, 0xFFFF, 0xFFFF, 0xFFFF, 0xFFFF, 0xFFFF, 0xFFFF, 0xFFFF, 0xFFFF, 
  0xFFFF, 0xFFFF, 0xFFFF, 0xFFFF, 0xFFFF, 0xFFFF, 0xFFFF, 0xFFFF, 0xFFFF, 0xFFFF, 0xFFFF, 0xFFFF, 0xFFFF, 0xFFFF, 0xFFFF, 0xFFFF, 
  0xFFFF, 0xFFFF, 0xFFFF, 0xFFFF, 0xFFFF, 0xFFFF, 0xFFFF, 0xFFFF, 0xFFFF, 0xFFFF, 0xFFFF, 0xFFFF, 0xFFFF, 0xFFFF, 0xFFFF, 0xFFFF, 
  0xFFFF, 0xFFFF, 0xFFFF, 0xFFFF, 0xFFFF, 0xFFFF, 0xFFFF, 0xFFFF, 0xFFFF, 0xFFFF, 0xFFFF, 0xFFFF, 0xFFFF, 0xFFFF, 0xFFFF, 0xFFFF, 
  0xFFFF, 0xFFFF, 0xFFFF, 0xFFFF, 0xFFFF, 0xFFFF, 0xFFFF, 0xFFFF, 0xFFFF, 0xFFFF, 0xFFFF, 0xFFFF, 0xFFFF, 0xFFFF, 0xFFFF, 0xFFFF, 
  0xFFFF, 0xFFFF, 0xFFFF, 0xFFFF, 0xFFFF, 0xFFFF, 0xFFFF, 0xFFFF, 0xFFFF, 0xFFFF, 0xFFFF, 0xFFFF, 0xFFFF, 0xFFFF, 0xFFFF, 0xFFFF, 
  0xFFFF, 0xFFFF, 0xFFFF, 0xFFFF, 0xFFFF, 0xFFFF, 0xAD75, 0x41C7, 0x5228, 0x3124, 0x3986, 0x6289, 0x4165, 0x4186, 0x5228, 0x51E8, 
  0x3966, 0x4A48, 0x41C7, 0x3145, 0x5228, 0x5228, 0x3985, 0x39A6, 0x49E8, 0x9CB3, 0xFFFF, 0xFFFF, 0xFFFF, 0xFFFF, 0xFFFF, 0xFFFF, 
  0xFFFF, 0xFFFF, 0xFFFF, 0xFFFF, 0xFFFF, 0xFFFF, 0xFFFF, 0xFFFF, 0xFFFF, 0xFFFF, 0xFFFF, 0xFFFF, 0xFFFF, 0xFFFF, 0xFFFF, 0xFFFF, 
  0xFFFF, 0xFFFF, 0xFFFF, 0xFFFF, 0xFFFF, 0xFFFF, 0xFFFF, 0xFFFF, 0xFFFF, 0xFFFF, 0xFFFF, 0xFFFF, 0xFFFF, 0xFFFF, 0xFFFF, 0xFFFF, 
  0xFFFF, 0xFFFF, 0xFFFF, 0xFFFF, 0xFFFF, 0xFFFF, 0xFFFF, 0xFFFF, 0xFFFF, 0xFFFF, 0xFFFF, 0xFFFF, 0xFFFF, 0xFFFF, 0xFFFF, 0xFFFF, 
  0xFFFF, 0xFFFF, 0xFFFF, 0xFFFF, 0xFFFF, 0xFFFF, 0xFFFF, 0xFFFF, 0xFFFF, 0xFFFF, 0xFFFF, 0xFFFF, 0xFFFF, 0xFFFF, 0xFFFF, 0xFFFF, 
  0xFFFF, 0xFFFF, 0xFFFF, 0xFFFF, 0xFFFF, 0xFFFF, 0xFFFF, 0xFFFF, 0xFFFF, 0xFFFF, 0xFFFF, 0xFFFF, 0xFFFF, 0xFFFF, 0xFFFF, 0xFFFF, 
  0xFFFF, 0xFFFF, 0xFFFF, 0xFFFF, 0xFFFF, 0xFFFF, 0xFFFF, 0xFFFF, 0xFFFF, 0xFFFF, 0xFFFF, 0xFFFF, 0xFFFF, 0xFFFF, 0xFFFF, 0xFFFF, 
  0xFFFF, 0xFFFF, 0xFFFF, 0xFFFF, 0xFFFF, 0xFFFF, 0xA514, 0x39A6, 0x4A08, 0x2904, 0x3965, 0x5A49, 0x4165, 0x4185, 0x5228, 0x51E8, 
  0x3945, 0x5228, 0x41C7, 0x3945, 0x5A28, 0x5A28, 0x3965, 0x41A6, 0x49E7, 0x9471, 0xFFFF, 0xFFFF, 0xFFFF, 0xFFFF, 0xFFFF, 0xFFFF, 
  0xFFFF, 0xFFFF, 0xFFFF, 0xFFFF, 0xFFFF, 0xFFFF, 0xFFFF, 0xFFFF, 0xFFFF, 0xFFFF, 0xFFFF, 0xFFFF, 0xFFFF, 0xFFFF, 0xFFFF, 0xFFFF, 
  0xFFFF, 0xFFFF, 0xFFFF, 0xFFFF, 0xFFFF, 0xFFFF, 0xFFFF, 0xFFFF, 0xFFFF, 0xFFFF, 0xFFFF, 0xFFFF, 0xFFFF, 0xFFFF, 0xFFFF, 0xFFFF, 
  0xFFFF, 0xFFFF, 0xFFFF, 0xFFFF, 0xFFFF, 0xFFFF, 0xFFFF, 0xFFFF, 0xFFFF, 0xFFFF, 0xFFFF, 0xFFFF, 0xFFFF, 0xFFFF, 0xFFFF, 0xFFFF, 
  0xFFFF, 0xFFFF, 0xFFFF, 0xFFFF, 0xFFFF, 0xFFFF, 0xFFFF, 0xFFFF, 0xFFFF, 0xFFFF, 0xFFFF, 0xFFFF, 0xFFFF, 0xFFFF, 0xFFFF, 0xFFFF, 
  0xFFFF, 0xFFFF, 0xFFFF, 0xFFFF, 0xFFFF, 0xFFFF, 0xFFFF, 0xFFFF, 0xFFFF, 0xFFFF, 0xFFFF, 0xFFFF, 0xFFFF, 0xFFFF, 0xFFFF, 0xFFFF, 
  0xFFFF, 0xFFFF, 0xFFFF, 0xFFFF, 0xFFFF, 0xFFFF, 0xFFFF, 0xFFFF, 0xFFFF, 0xFFFF, 0xFFFF, 0xFFFF, 0xFFFF, 0xFFFF, 0xFFFF, 0xFFFF, 
  0xFFFF, 0xFFFF, 0xFFFF, 0xFFFF, 0xFFFF, 0xFFFF, 0x9CF3, 0x4A08, 0x5249, 0x3165, 0x39A6, 0x5A69, 0x3985, 0x41A6, 0x5269, 0x41C7, 
  0x3145, 0x5249, 0x49E7, 0x3965, 0x5249, 0x5248, 0x3986, 0x39A6, 0x4A28, 0x9471, 0xFFFF, 0xFFFF, 0xFFFF, 0xFFFF, 0xFFFF, 0xFFFF, 
  0xFFFF, 0xFFFF, 0xFFFF, 0xFFFF, 0xFFFF, 0xFFFF, 0xFFFF, 0xFFFF, 0xFFFF, 0xFFFF, 0xFFFF, 0xFFFF, 0xFFFF, 0xFFFF, 0xFFFF, 0xFFFF, 
  0xFFFF, 0xFFFF, 0xFFFF, 0xFFFF, 0xFFFF, 0xFFFF, 0xFFFF, 0xFFFF, 0xFFFF, 0xFFFF, 0xFFFF, 0xFFFF, 0xFFFF, 0xFFFF, 0xFFFF, 0xFFFF, 
  0xFFFF, 0xFFFF, 0xFFFF, 0xFFFF, 0xFFFF, 0xFFFF, 0xFFFF, 0xFFFF, 0xFFFF, 0xFFFF, 0xFFFF, 0xFFFF, 0xFFFF, 0xFFFF, 0xFFFF, 0xFFFF, 
  0xFFFF, 0xFFFF, 0xFFFF, 0xFFFF, 0xFFFF, 0xFFFF, 0xFFFF, 0xFFFF, 0xFFFF, 0xFFFF, 0xFFFF, 0xFFFF, 0xFFFF, 0xFFFF, 0xFFFF, 0xFFFF, 
  0xFFFF, 0xFFFF, 0xFFFF, 0xFFFF, 0xFFFF, 0xFFFF, 0xFFFF, 0xFFFF, 0xFFFF, 0xFFFF, 0xFFFF, 0xFFFF, 0xFFFF, 0xFFFF, 0xFFFF, 0xFFFF, 
  0xFFFF, 0xFFFF, 0xFFFF, 0xFFFF, 0xFFFF, 0xFFFF, 0xFFFF, 0xFFFF, 0xFFFF, 0xFFFF, 0xFFFF, 0xFFFF, 0xFFFF, 0xFFFF, 0xFFFF, 0xFFFF, 
  0xFFFF, 0xFFFF, 0xFFFF, 0xFFFF, 0xFFFF, 0xFFFF, 0x9472, 0x4A08, 0x4A28, 0x3165, 0x41A6, 0x5A69, 0x3965, 0x41A6, 0x5A48, 0x5A69, 
  0x49E7, 0x5249, 0x49E7, 0x3945, 0x5228, 0x5A49, 0x4186, 0x3986, 0x4A28, 0x8C10, 0xFFFF, 0xFFFF, 0xFFFF, 0xFFFF, 0xFFFF, 0xFFFF, 
  0xFFFF, 0xFFFF, 0xFFFF, 0xFFFF, 0xFFFF, 0xFFFF, 0xFFFF, 0xFFFF, 0xFFFF, 0xFFFF, 0xFFFF, 0xFFFF, 0xFFFF, 0xFFFF, 0xFFFF, 0xFFFF, 
  0xFFFF, 0xFFFF, 0xFFFF, 0xFFFF, 0xFFFF, 0xFFFF, 0xFFFF, 0xFFFF, 0xFFFF, 0xFFFF, 0xFFFF, 0xFFFF, 0xFFFF, 0xFFFF, 0xFFFF, 0xFFFF, 
  0xFFFF, 0xFFFF, 0xFFFF, 0xFFFF, 0xFFFF, 0xFFFF, 0xFFFF, 0xFFFF, 0xFFFF, 0xFFFF, 0xFFFF, 0xFFFF, 0xFFFF, 0xFFFF, 0xFFFF, 0xFFFF, 
  0xFFFF, 0xFFFF, 0xFFFF, 0xFFFF, 0xFFFF, 0xFFFF, 0xFFFF, 0xFFFF, 0xFFFF, 0xFFFF, 0xFFFF, 0xFFFF, 0xFFFF, 0xFFFF, 0xFFFF, 0xFFFF, 
  0xFFFF, 0xFFFF, 0xFFFF, 0xFFFF, 0xFFFF, 0xFFFF, 0xFFFF, 0xFFFF, 0xFFFF, 0xFFFF, 0xFFFF, 0xFFFF, 0xFFFF, 0xFFFF, 0xFFFF, 0xFFFF, 
  0xFFFF, 0xFFFF, 0xFFFF, 0xFFFF, 0xFFFF, 0xFFFF, 0xFFFF, 0xFFFF, 0xFFFF, 0xFFFF, 0xFFFF, 0xFFFF, 0xFFFF, 0xFFFF, 0xFFFF, 0xFFFF, 
  0xFFFF, 0xFFFF, 0xFFFF, 0xFFFF, 0xFFDF, 0xFFFF, 0x83EF, 0x49E7, 0x41C7, 0x3124, 0x4186, 0x5A69, 0x3945, 0x49A6, 0x6289, 0xA4B1, 
  0x9C71, 0x62AA, 0x49C7, 0x4145, 0x5A28, 0x6249, 0x41A6, 0x3966, 0x49E7, 0x7BCE, 0xFFFF, 0xFFFF, 0xFFFF, 0xFFFF, 0xFFFF, 0xFFFF, 
  0xFFFF, 0xFFFF, 0xFFFF, 0xFFFF, 0xFFFF, 0xFFFF, 0xFFFF, 0xFFFF, 0xFFFF, 0xFFFF, 0xFFFF, 0xFFFF, 0xFFFF, 0xFFFF, 0xFFFF, 0xFFFF, 
  0xFFFF, 0xFFFF, 0xFFFF, 0xFFFF, 0xFFFF, 0xFFFF, 0xFFFF, 0xFFFF, 0xFFFF, 0xFFFF, 0xFFFF, 0xFFFF, 0xFFFF, 0xFFFF, 0xFFFF, 0xFFFF, 
  0xFFFF, 0xFFFF, 0xFFFF, 0xFFFF, 0xFFFF, 0xFFFF, 0xFFFF, 0xFFFF, 0xFFFF, 0xFFFF, 0xFFFF, 0xFFFF, 0xFFFF, 0xFFFF, 0xFFFF, 0xFFFF, 
  0xFFFF, 0xFFFF, 0xFFFF, 0xFFFF, 0xFFFF, 0xFFFF, 0xFFFF, 0xFFFF, 0xFFFF, 0xFFFF, 0xFFFF, 0xFFFF, 0xFFFF, 0xFFFF, 0xFFFF, 0xFFFF, 
  0xFFFF, 0xFFFF, 0xFFFF, 0xFFFF, 0xFFFF, 0xFFFF, 0xFFFF, 0xFFFF, 0xFFFF, 0xFFFF, 0xFFFF, 0xFFFF, 0xFFFF, 0xFFFF, 0xFFFF, 0xFFFF, 
  0xFFFF, 0xFFFF, 0xFFFF, 0xFFFF, 0xFFFF, 0xFFFF, 0xFFFF, 0xFFFF, 0xFFFF, 0xFFFF, 0xFFFF, 0xFFFF, 0xFFFF, 0xFFFF, 0xFFFF, 0xFFFF, 
  0xFFFF, 0xFFFF, 0xFFFF, 0xFFFF, 0xFFFF, 0xFFFF, 0x83EF, 0x5249, 0x4A08, 0x3185, 0x41E7, 0x5A89, 0x3985, 0x49C7, 0x5249, 0x41C7, 
  0x3145, 0x4A49, 0x4A08, 0x3965, 0x5249, 0x5A49, 0x41A6, 0x39A6, 0x5249, 0x83EF, 0xFFFF, 0xFFFF, 0xFFFF, 0xFFFF, 0xFFFF, 0xFFFF, 
  0xFFFF, 0xFFFF, 0xFFFF, 0xFFFF, 0xFFFF, 0xFFFF, 0xFFFF, 0xFFFF, 0xFFFF, 0xFFFF, 0xFFFF, 0xFFFF, 0xFFFF, 0xFFFF, 0xFFFF, 0xFFFF, 
  0xFFFF, 0xFFFF, 0xFFFF, 0xFFFF, 0xFFFF, 0xFFFF, 0xFFFF, 0xFFFF, 0xFFFF, 0xFFFF, 0xFFFF, 0xFFFF, 0xFFFF, 0xFFFF, 0xFFFF, 0xFFFF, 
  0xFFFF, 0xFFFF, 0xFFFF, 0xFFFF, 0xFFFF, 0xFFFF, 0xFFFF, 0xFFFF, 0xFFFF, 0xFFFF, 0xFFFF, 0xFFFF, 0xFFFF, 0xFFFF, 0xFFFF, 0xFFFF, 
  0xFFFF, 0xFFFF, 0xFFFF, 0xFFFF, 0xFFFF, 0xFFFF, 0xFFFF, 0xFFFF, 0xFFFF, 0xFFFF, 0xFFFF, 0xFFFF, 0xFFFF, 0xFFFF, 0xFFFF, 0xFFFF, 
  0xFFFF, 0xFFFF, 0xFFFF, 0xFFFF, 0xFFFF, 0xFFFF, 0xFFFF, 0xFFFF, 0xFFFF, 0xFFFF, 0xFFFF, 0xFFFF, 0xFFFF, 0xFFFF, 0xFFFF, 0xFFFF, 
  0xFFFF, 0xFFFF, 0xFFFF, 0xFFFF, 0xFFFF, 0xFFFF, 0xFFFF, 0xFFFF, 0xFFFF, 0xFFFF, 0xFFFF, 0xFFFF, 0xFFFF, 0xFFFF, 0xFFFF, 0xFFFF, 
  0xFFFF, 0xFFFF, 0xFFFF, 0xFFFF, 0xFFFF, 0xFFFF, 0x736D, 0x4A28, 0x41C7, 0x3145, 0x41C6, 0x5A69, 0x4165, 0x49A6, 0x5A48, 0x41C7, 
  0x3165, 0x5228, 0x49E7, 0x3965, 0x5228, 0x5A48, 0x41A6, 0x3986, 0x5228, 0x7BAE, 0xFFFF, 0xFFFF, 0xFFFF, 0xFFFF, 0xFFFF, 0xFFFF, 
  0xFFFF, 0xFFFF, 0xFFFF, 0xFFFF, 0xFFFF, 0xFFFF, 0xFFFF, 0xFFFF, 0xFFFF, 0xFFFF, 0xFFFF, 0xFFFF, 0xFFFF, 0xFFFF, 0xFFFF, 0xFFFF, 
  0xFFFF, 0xFFFF, 0xFFFF, 0xFFFF, 0xFFFF, 0xFFFF, 0xFFFF, 0xFFFF, 0xFFFF, 0xFFFF, 0xFFFF, 0xFFFF, 0xFFFF, 0xFFFF, 0xFFFF, 0xFFFF, 
  0xFFFF, 0xFFFF, 0xFFFF, 0xFFFF, 0xFFFF, 0xFFFF, 0xFFFF, 0xFFFF, 0xFFFF, 0xFFFF, 0xFFFF, 0xFFFF, 0xFFFF, 0xFFFF, 0xFFFF, 0xFFFF, 
  0xFFFF, 0xFFFF, 0xFFFF, 0xFFFF, 0xFFFF, 0xFFFF, 0xFFFF, 0xFFFF, 0xFFFF, 0xFFFF, 0xFFFF, 0xFFFF, 0xFFFF, 0xFFFF, 0xFFFF, 0xFFFF, 
  0xFFFF, 0xFFFF, 0xFFFF, 0xFFFF, 0xFFFF, 0xFFFF, 0xFFFF, 0xFFFF, 0xFFFF, 0xFFFF, 0xFFFF, 0xFFFF, 0xFFFF, 0xFFFF, 0xFFFF, 0xFFFF, 
  0xFFFF, 0xFFFF, 0xFFFF, 0xFFFF, 0xFFFF, 0xFFFF, 0xFFFF, 0xFFFF, 0xFFFF, 0xFFFF, 0xFFFF, 0xFFFF, 0xFFFF, 0xFFFF, 0xFFFF, 0xFFFF, 
  0xFFFF, 0xFFFF, 0xFFFF, 0xFFFF, 0xFFFF, 0xFFFF, 0x6AEC, 0x5229, 0x39A6, 0x3145, 0x41A6, 0x5A49, 0x4165, 0x51C6, 0x5A48, 0x41A6, 
  0x3125, 0x4A28, 0x49C7, 0x3945, 0x5A28, 0x5A48, 0x41A6, 0x3965, 0x5208, 0x736D, 0xFFFF, 0xFFFF, 0xFFFF, 0xFFFF, 0xFFFF, 0xFFFF, 
  0xFFFF, 0xFFFF, 0xFFFF, 0xFFFF, 0xFFFF, 0xFFFF, 0xFFFF, 0xFFFF, 0xFFFF, 0xFFFF, 0xFFFF, 0xFFFF, 0xFFFF, 0xFFFF, 0xFFFF, 0xFFFF, 
  0xFFFF, 0xFFFF, 0xFFFF, 0xFFFF, 0xFFFF, 0xFFFF, 0xFFFF, 0xFFFF, 0xFFFF, 0xFFFF, 0xFFFF, 0xFFFF, 0xFFFF, 0xFFFF, 0xFFFF, 0xFFFF, 
  0xFFFF, 0xFFFF, 0xFFFF, 0xFFFF, 0xFFFF, 0xFFFF, 0xFFFF, 0xFFFF, 0xFFFF, 0xFFFF, 0xFFFF, 0xFFFF, 0xFFFF, 0xFFFF, 0xFFFF, 0xFFFF, 
  0xFFFF, 0xFFFF, 0xFFFF, 0xFFFF, 0xFFFF, 0xFFFF, 0xFFFF, 0xFFFF, 0xFFFF, 0xFFFF, 0xFFFF, 0xFFFF, 0xFFFF, 0xFFFF, 0xFFFF, 0xFFFF, 
  0xFFFF, 0xFFFF, 0xFFFF, 0xFFFF, 0xFFFF, 0xFFFF, 0xFFFF, 0xFFFF, 0xFFFF, 0xFFFF, 0xFFFF, 0xFFFF, 0xFFFF, 0xFFFF, 0xFFFF, 0xFFFF, 
  0xFFFF, 0xFFFF, 0xFFFF, 0xFFFF, 0xFFFF, 0xFFFF, 0xFFFF, 0xFFFF, 0xFFFF, 0xFFFF, 0xFFFF, 0xFFFF, 0xFFFF, 0xFFFF, 0xFFFF, 0xFFFF, 
  0xFFFF, 0xFFFF, 0xFFFF, 0xFFFF, 0xFFFF, 0xFFFF, 0x6B2C, 0x5AAA, 0x41E7, 0x3186, 0x49E7, 0x5A69, 0x41A6, 0x49E7, 0x5A69, 0x41E7, 
  0x3165, 0x5269, 0x4A07, 0x3986, 0x5249, 0x5A69, 0x41A6, 0x3986, 0x5269, 0x7B8E, 0xFFFF, 0xFFFF, 0xFFFF, 0xFFFF, 0xFFFF, 0xFFFF, 
  0xFFFF, 0xFFFF, 0xFFFF, 0xFFFF, 0xFFFF, 0xFFFF, 0xFFFF, 0xFFFF, 0xFFFF, 0xFFFF, 0xFFFF, 0xFFFF, 0xFFFF, 0xFFFF, 0xFFFF, 0xFFFF, 
  0xFFFF, 0xFFFF, 0xFFFF, 0xFFFF, 0xFFFF, 0xFFFF, 0xFFFF, 0xFFFF, 0xFFFF, 0xFFFF, 0xFFFF, 0xFFFF, 0xFFFF, 0xFFFF, 0xFFFF, 0xFFFF, 
  0xFFFF, 0xFFFF, 0xFFFF, 0xFFFF, 0xFFFF, 0xFFFF, 0xFFFF, 0xFFFF, 0xFFFF, 0xFFFF, 0xFFFF, 0xFFFF, 0xFFFF, 0xFFFF, 0xFFFF, 0xFFFF, 
  0xFFFF, 0xFFFF, 0xFFFF, 0xFFFF, 0xFFFF, 0xFFFF, 0xFFFF, 0xFFFF, 0xFFFF, 0xFFFF, 0xFFFF, 0xFFFF, 0xFFFF, 0xFFFF, 0xFFFF, 0xFFFF, 
  0xFFFF, 0xFFFF, 0xFFFF, 0xFFFF, 0xFFFF, 0xFFFF, 0xFFFF, 0xFFFF, 0xFFFF, 0xFFFF, 0xFFFF, 0xFFFF, 0xFFFF, 0xFFFF, 0xFFFF, 0xFFFF, 
  0xFFFF, 0xFFFF, 0xFFFF, 0xFFFF, 0xFFFF, 0xFFFF, 0xFFFF, 0xFFFF, 0xFFFF, 0xFFFF, 0xFFFF, 0xFFFF, 0xFFFF, 0xFFFF, 0xFFFF, 0xFFFF, 
  0xFFFF, 0xFFFF, 0xFFFF, 0xFFFF, 0xFFFF, 0xFFFF, 0x5A8A, 0x5269, 0x3986, 0x3165, 0x49C7, 0x5A49, 0x4186, 0x49A6, 0x5A49, 0x41A6, 
  0x3145, 0x5248, 0x49E7, 0x3965, 0x5208, 0x6269, 0x41A6, 0x3965, 0x4A08, 0x6B0C, 0xFFFF, 0xFFFF, 0xFFFF, 0xFFFF, 0xFFFF, 0xFFFF, 
  0xFFFF, 0xFFFF, 0xFFFF, 0xFFFF, 0xFFFF, 0xFFFF, 0xFFFF, 0xFFFF, 0xFFFF, 0xFFFF, 0xFFFF, 0xFFFF, 0xFFFF, 0xFFFF, 0xFFFF, 0xFFFF, 
  0xFFFF, 0xFFFF, 0xFFFF, 0xFFFF, 0xFFFF, 0xFFFF, 0xFFFF, 0xFFFF, 0xFFFF, 0xFFFF, 0xFFFF, 0xFFFF, 0xFFFF, 0xFFFF, 0xFFFF, 0xFFFF, 
  0xFFFF, 0xFFFF, 0xFFFF, 0xFFFF, 0xFFFF, 0xFFFF, 0xFFFF, 0xFFFF, 0xFFFF, 0xFFFF, 0xFFFF, 0xFFFF, 0xFFFF, 0xFFFF, 0xFFFF, 0xFFFF, 
  0xFFFF, 0xFFFF, 0xFFFF, 0xFFFF, 0xFFFF, 0xFFFF, 0xFFFF, 0xFFFF, 0xFFFF, 0xFFFF, 0xFFFF, 0xFFFF, 0xFFFF, 0xFFFF, 0xFFFF, 0xFFFF, 
  0xFFFF, 0xFFFF, 0xFFFF, 0xFFFF, 0xFFFF, 0xFFFF, 0xFFFF, 0xFFFF, 0xFFFF, 0xFFFF, 0xFFFF, 0xFFFF, 0xFFFF, 0xFFFF, 0xFFFF, 0xFFFF, 
  0xFFFF, 0xFFFF, 0xFFFF, 0xFFFF, 0xFFFF, 0xFFFF, 0xFFFF, 0xFFFF, 0xFFFF, 0xFFFF, 0xFFFF, 0xFFFF, 0xFFFF, 0xFFFF, 0xFFFF, 0xFFFF, 
  0xFFFF, 0xFFFF, 0xFFFF, 0xFFFF, 0xFFFF, 0xFFDF, 0x5A6A, 0x5A8A, 0x3986, 0x3165, 0x49E7, 0x5A49, 0x4986, 0x51E7, 0x5A69, 0x41A6, 
  0x3145, 0x5249, 0x49E7, 0x4186, 0x5228, 0x6269, 0x41A6, 0x3966, 0x5228, 0x6B0C, 0xFFDF, 0xFFFF, 0xFFFF, 0xFFFF, 0xFFFF, 0xFFFF, 
  0xFFFF, 0xFFFF, 0xFFFF, 0xFFFF, 0xFFFF, 0xFFFF, 0xFFFF, 0xFFFF, 0xFFFF, 0xFFFF, 0xFFFF, 0xFFFF, 0xFFFF, 0xFFFF, 0xFFFF, 0xFFFF, 
  0xFFFF, 0xFFFF, 0xFFFF, 0xFFFF, 0xFFFF, 0xFFFF, 0xFFFF, 0xFFFF, 0xFFFF, 0xFFFF, 0xFFFF, 0xFFFF, 0xFFFF, 0xFFFF, 0xFFFF, 0xFFFF, 
  0xFFFF, 0xFFFF, 0xFFFF, 0xFFFF, 0xFFFF, 0xFFFF, 0xFFFF, 0xFFFF, 0xFFFF, 0xFFFF, 0xFFFF, 0xFFFF, 0xFFFF, 0xFFFF, 0xFFFF, 0xFFFF, 
  0xFFFF, 0xFFFF, 0xFFFF, 0xFFFF, 0xFFFF, 0xFFFF, 0xFFFF, 0xFFFF, 0xFFFF, 0xFFFF, 0xFFFF, 0xFFFF, 0xFFFF, 0xFFFF, 0xFFFF, 0xFFFF, 
  0xFFFF, 0xFFFF, 0xFFFF, 0xFFFF, 0xFFFF, 0xFFFF, 0xFFFF, 0xFFFF, 0xFFFF, 0xFFFF, 0xFFFF, 0xFFFF, 0xFFFF, 0xFFFF, 0xFFFF, 0xFFFF, 
  0xFFFF, 0xFFFF, 0xFFFF, 0xFFFF, 0xFFFF, 0xFFFF, 0xFFFF, 0xFFFF, 0xFFFF, 0xFFFF, 0xFFFF, 0xFFFF, 0xFFFF, 0xFFFF, 0xFFFF, 0xFFFF, 
  0xFFFF, 0xFFFF, 0xFFFF, 0xFFFF, 0xFFFF, 0xF79E, 0x5249, 0x62AA, 0x39A6, 0x3186, 0x4A08, 0x5A69, 0x41A6, 0x49E7, 0x5A69, 0x41C7, 
  0x3165, 0x5269, 0x4A08, 0x3985, 0x5228, 0x5A49, 0x41A6, 0x3986, 0x5249, 0x6B4C, 0xF7BE, 0xFFFF, 0xFFFF, 0xFFFF, 0xFFFF, 0xFFFF, 
  0xFFFF, 0xFFFF, 0xFFFF, 0xFFFF, 0xFFFF, 0xFFFF, 0xFFFF, 0xFFFF, 0xFFFF, 0xFFFF, 0xFFFF, 0xFFFF, 0xFFFF, 0xFFFF, 0xFFFF, 0xFFFF, 
  0xFFFF, 0xFFFF, 0xFFFF, 0xFFFF, 0xFFFF, 0xFFFF, 0xFFFF, 0xFFFF, 0xFFFF, 0xFFFF, 0xFFFF, 0xFFFF, 0xFFFF, 0xFFFF, 0xFFFF, 0xFFFF, 
  0xFFFF, 0xFFFF, 0xFFFF, 0xFFFF, 0xFFFF, 0xFFFF, 0xFFFF, 0xFFFF, 0xFFFF, 0xFFFF, 0xFFFF, 0xFFFF, 0xFFFF, 0xFFFF, 0xFFFF, 0xFFFF, 
  0xFFFF, 0xFFFF, 0xFFFF, 0xFFFF, 0xFFFF, 0xFFFF, 0xFFFF, 0xFFFF, 0xFFFF, 0xFFFF, 0xFFFF, 0xFFFF, 0xFFFF, 0xFFFF, 0xFFFF, 0xFFFF, 
  0xFFFF, 0xFFFF, 0xFFFF, 0xFFFF, 0xFFFF, 0xFFFF, 0xFFFF, 0xFFFF, 0xFFFF, 0xFFFF, 0xFFFF, 0xFFFF, 0xFFFF, 0xFFFF, 0xFFFF, 0xFFFF, 
  0xFFFF, 0xFFFF, 0xFFFF, 0xFFFF, 0xFFFF, 0xFFFF, 0xFFFF, 0xFFFF, 0xFFFF, 0xFFFF, 0xFFFF, 0xFFFF, 0xFFFF, 0xFFFF, 0xFFFF, 0xFFFF, 
  0xFFFF, 0xFFFF, 0xFFFF, 0xFFFF, 0xFFFF, 0xEF5D, 0x41C7, 0x5A8A, 0x3165, 0x3145, 0x6B2C, 0xB554, 0x8BCE, 0x49A6, 0x6269, 0x41A6, 
  0x3145, 0x5249, 0x41C7, 0x8BCE, 0xBD74, 0x7B4C, 0x4186, 0x3965, 0x49E8, 0x5A8A, 0xF79E, 0xFFFF, 0xFFFF, 0xFFFF, 0xFFFF, 0xFFFF, 
  0xFFFF, 0xFFFF, 0xFFFF, 0xFFFF, 0xFFFF, 0xFFFF, 0xFFFF, 0xFFFF, 0xFFFF, 0xFFFF, 0xFFFF, 0xFFFF, 0xFFFF, 0xFFFF, 0xFFFF, 0xFFFF, 
  0xFFFF, 0xFFFF, 0xFFFF, 0xFFFF, 0xFFFF, 0xFFFF, 0xFFFF, 0xFFFF, 0xFFFF, 0xFFFF, 0xFFFF, 0xFFFF, 0xFFFF, 0xFFFF, 0xFFFF, 0xFFFF, 
  0xFFFF, 0xFFFF, 0xFFFF, 0xFFFF, 0xFFFF, 0xFFFF, 0xFFFF, 0xFFFF, 0xFFFF, 0xFFFF, 0xFFFF, 0xFFFF, 0xFFFF, 0xFFFF, 0xFFFF, 0xFFFF, 
  0xFFFF, 0xFFFF, 0xFFFF, 0xFFFF, 0xFFFF, 0xFFFF, 0xFFFF, 0xFFFF, 0xFFFF, 0xFFFF, 0xFFFF, 0xFFFF, 0xFFFF, 0xFFFF, 0xFFFF, 0xFFFF, 
  0xFFFF, 0xFFFF, 0xFFFF, 0xFFFF, 0xFFFF, 0xFFFF, 0xFFFF, 0xFFFF, 0xFFFF, 0xFFFF, 0xFFFF, 0xFFFF, 0xFFFF, 0xFFFF, 0xFFFF, 0xFFFF, 
  0xFFFF, 0xFFFF, 0xFFFF, 0xFFFF, 0xFFFF, 0xFFFF, 0xFFFF, 0xFFFF, 0xFFFF, 0xFFFF, 0xFFFF, 0xFFFF, 0xFFFF, 0xFFFF, 0xFFFF, 0xFFFF, 
  0xFFFF, 0xFFFF, 0xFFFF, 0xFFFF, 0xFFFF, 0xE71C, 0x4A08, 0x62EB, 0x39A6, 0x3986, 0x4A48, 0x5AAA, 0x49E7, 0x41C6, 0x5A69, 0x41C7, 
  0x3966, 0x5289, 0x4A07, 0x49C7, 0x62CA, 0x62AA, 0x41A6, 0x3986, 0x5269, 0x62EB, 0xEF7D, 0xFFFF, 0xFFFF, 0xFFFF, 0xFFFF, 0xFFFF, 
  0xFFFF, 0xFFFF, 0xFFFF, 0xFFFF, 0xFFFF, 0xFFFF, 0xFFFF, 0xFFFF, 0xFFFF, 0xFFFF, 0xFFFF, 0xFFFF, 0xFFFF, 0xFFFF, 0xFFFF, 0xFFFF, 
  0xFFFF, 0xFFFF, 0xFFFF, 0xFFFF, 0xFFFF, 0xFFFF, 0xFFFF, 0xFFFF, 0xFFFF, 0xFFFF, 0xFFFF, 0xFFFF, 0xFFFF, 0xFFFF, 0xFFFF, 0xFFFF, 
  0xFFFF, 0xFFFF, 0xFFFF, 0xFFFF, 0xFFFF, 0xFFFF, 0xFFFF, 0xFFFF, 0xFFFF, 0xFFFF, 0xFFFF, 0xFFFF, 0xFFFF, 0xFFFF, 0xFFFF, 0xFFFF, 
  0xFFFF, 0xFFFF, 0xFFFF, 0xFFFF, 0xFFFF, 0xFFFF, 0xFFFF, 0xFFFF, 0xFFFF, 0xFFFF, 0xFFFF, 0xFFFF, 0xFFFF, 0xFFFF, 0xFFFF, 0xFFFF, 
  0xFFFF, 0xFFFF, 0xFFFF, 0xFFFF, 0xFFFF, 0xFFFF, 0xDEFB, 0x7BCE, 0xB5B6, 0xAD76, 0xCE59, 0xFFDF, 0xFFFF, 0xFFFF, 0xFFFF, 0xFFFF, 
  0xFFFF, 0xFFFF, 0xFFFF, 0xFFFF, 0xFFFF, 0xFFFF, 0xFFFF, 0xFFFF, 0xFFFF, 0xFFFF, 0xFFFF, 0xFFFF, 0xFFFF, 0xFFFF, 0xFFFF, 0xFFFF, 
  0xFFFF, 0xFFFF, 0xFFFF, 0xFFFF, 0xFFFF, 0xDEDB, 0x39A6, 0x5AAA, 0x3965, 0x3165, 0x4A08, 0x5208, 0x49A6, 0x49E7, 0x5A69, 0x41C7, 
  0x3165, 0x5249, 0x4A08, 0x4165, 0x5A28, 0x6289, 0x49A6, 0x3966, 0x4A08, 0x5A89, 0xEF5D, 0xFFFF, 0xFFFF, 0xFFFF, 0xFFFF, 0xFFFF, 
  0xFFFF, 0xFFFF, 0xFFFF, 0xFFFF, 0xFFFF, 0xFFFF, 0xFFFF, 0xFFFF, 0xFFFF, 0xFFFF, 0xFFFF, 0xFFFF, 0xFFFF, 0xFFFF, 0xFFFF, 0xFFFF, 
  0xFFFF, 0xFFFF, 0xFFFF, 0xFFFF, 0xFFFF, 0xFFFF, 0xFFFF, 0xFFFF, 0xFFFF, 0xFFFF, 0xFFFF, 0xFFFF, 0xFFFF, 0xFFFF, 0xFFFF, 0xFFFF, 
  0xFFFF, 0xFFFF, 0xFFFF, 0xFFFF, 0xFFFF, 0xFFFF, 0xFFFF, 0xFFFF, 0xFFFF, 0xFFFF, 0xFFFF, 0xFFFF, 0xFFFF, 0xFFFF, 0xFFFF, 0xFFFF, 
  0xFFFF, 0xFFFF, 0xFFFF, 0xFFFF, 0xFFFF, 0xFFFF, 0xFFFF, 0xFFFF, 0xFFFF, 0xFFFF, 0xFFFF, 0xFFFF, 0xFFFF, 0xFFFF, 0xFFFF, 0xFFFF, 
  0xFFFF, 0xFFDF, 0xD6DB, 0xB5F9, 0xADD9, 0xBE7B, 0x7433, 0x4AED, 0x4AAC, 0x6BAF, 0xEF7D, 0xFFFF, 0xFFFF, 0xFFFF, 0xFFFF, 0xFFFF, 
  0xFFFF, 0xFFFF, 0xFFFF, 0xFFFF, 0xFFFF, 0xFFFF, 0xFFFF, 0xFFFF, 0xFFFF, 0xFFFF, 0xFFFF, 0xFFFF, 0xFFFF, 0xFFFF, 0xFFFF, 0xFFFF, 
  0xFFFF, 0xFFFF, 0xFFFF, 0xFFFF, 0xFFFF, 0xD679, 0x39A6, 0x5ACB, 0x3185, 0x3165, 0x5228, 0x5A28, 0x51C7, 0x51E7, 0x5A69, 0x41C6, 
  0x3985, 0x5269, 0x4A07, 0x4185, 0x5A28, 0x6289, 0x49C7, 0x3986, 0x5249, 0x5AAA, 0xE73C, 0xFFFF, 0xFFFF, 0xFFFF, 0xFFFF, 0xFFFF, 
  0xFFFF, 0xFFFF, 0xFFFF, 0xFFFF, 0xFFFF, 0xFFFF, 0xFFFF, 0xFFFF, 0xFFFF, 0xFFFF, 0xFFFF, 0xFFFF, 0xFFFF, 0xFFFF, 0xFFFF, 0xFFFF, 
  0xFFFF, 0xFFFF, 0xFFFF, 0xFFFF, 0xFFFF, 0xFFFF, 0xFFFF, 0xFFFF, 0xFFFF, 0xFFFF, 0xFFFF, 0xFFFF, 0xFFFF, 0xFFFF, 0xFFFF, 0xFFFF, 
  0xFFFF, 0xFFFF, 0xFFFF, 0xFFFF, 0xFFFF, 0xFFFF, 0xFFFF, 0xFFFF, 0xFFFF, 0xFFFF, 0xFFFF, 0xFFFF, 0xFFFF, 0xFFFF, 0xFFFF, 0xFFFF, 
  0xFFFF, 0xFFFF, 0xFFFF, 0xFFFF, 0xFFFF, 0xFFFF, 0xFFFF, 0xFFFF, 0xFFFF, 0xFFFF, 0xFFFF, 0xFFFF, 0xFFFF, 0xFFFF, 0xFFFF, 0xC618, 
  0x634F, 0x320B, 0x2A4D, 0x1A6F, 0x22B0, 0x2AF1, 0x22F1, 0x5C76, 0x32D0, 0x21A9, 0x8451, 0xFFDF, 0xFFFF, 0xFFFF, 0xFFFF, 0xFFFF, 
  0xFFFF, 0xFFFF, 0xFFFF, 0xFFFF, 0xFFFF, 0xFFFF, 0xFFFF, 0xFFFF, 0xFFFF, 0xFFFF, 0xFFFF, 0xFFFF, 0xFFFF, 0xFFFF, 0xFFFF, 0xFFFF, 
  0xFFFF, 0xFFFF, 0xFFFF, 0xFFFF, 0xFFFF, 0xC618, 0x41C7, 0x62AA, 0x3186, 0x3165, 0x5248, 0x5228, 0x41A6, 0x41A6, 0x5A69, 0x41C7, 
  0x3165, 0x5269, 0x4A07, 0x3986, 0x5208, 0x5A69, 0x41C7, 0x39A6, 0x5249, 0x62CA, 0xE71B, 0xFFFF, 0xFFFF, 0xFFFF, 0xFFFF, 0xFFFF, 
  0xFFFF, 0xFFFF, 0xFFFF, 0xFFFF, 0xFFFF, 0xFFFF, 0xFFFF, 0xFFFF, 0xFFFF, 0xFFFF, 0xFFFF, 0xFFFF, 0xFFFF, 0xFFFF, 0xFFFF, 0xFFFF, 
  0xFFFF, 0xFFFF, 0xFFFF, 0xFFFF, 0xFFFF, 0xFFFF, 0xFFFF, 0xFFFF, 0xFFFF, 0xFFFF, 0xFFFF, 0xFFFF, 0xFFFF, 0xFFFF, 0xFFFF, 0xFFFF, 
  0xFFFF, 0xFFFF, 0xFFFF, 0xFFFF, 0xFFFF, 0xFFFF, 0xFFFF, 0xFFFF, 0xFFFF, 0xFFFF, 0xFFFF, 0xFFFF, 0xFFFF, 0xFFFF, 0xFFFF, 0xFFFF, 
  0xFFFF, 0xFFFF, 0xFFFF, 0xFFFF, 0xFFFF, 0xFFFF, 0xFFFF, 0xFFFF, 0xFFFF, 0xFFFF, 0xFFFF, 0xFFFF, 0xFFFF, 0xDEDB, 0x52AB, 0x0085, 
  0x224D, 0x5C97, 0x54B8, 0x33B5, 0x2313, 0x1AD1, 0x2374, 0x8E3D, 0x5CB7, 0x00E8, 0x2146, 0xEF9D, 0xFFFF, 0xFFFF, 0xFFFF, 0xFFFF, 
  0xFFFF, 0xFFFF, 0xFFFF, 0xFFFF, 0xFFFF, 0xFFFF, 0xFFFF, 0xFFFF, 0xFFFF, 0xFFFF, 0xFFFF, 0xFFFF, 0xFFFF, 0xFFFF, 0xFFFF, 0xFFFF, 
  0xFFFF, 0xFFFF, 0xFFFF, 0xFFFF, 0xFFFF, 0xB596, 0x3986, 0x5AAA, 0x3145, 0x3145, 0x5228, 0x5A28, 0x51C7, 0x49C6, 0x5A69, 0x41A6, 
  0x3966, 0x5269, 0x4A08, 0x4186, 0x5207, 0x6289, 0x49C7, 0x3986, 0x4A08, 0x5249, 0xDEDB, 0xFFFF, 0xFFFF, 0xFFFF, 0xFFFF, 0xFFFF, 
  0xFFFF, 0xFFFF, 0xFFFF, 0xFFFF, 0xFFFF, 0xFFFF, 0xFFFF, 0xFFFF, 0xFFFF, 0xFFFF, 0xFFFF, 0xFFFF, 0xFFFF, 0xFFFF, 0xFFFF, 0xFFFF, 
  0xFFFF, 0xFFFF, 0xFFFF, 0xFFFF, 0xFFFF, 0xFFFF, 0xFFFF, 0xFFFF, 0xFFFF, 0xFFFF, 0xFFFF, 0xFFFF, 0xFFFF, 0xFFFF, 0xFFFF, 0xFFFF, 
  0xFFFF, 0xFFFF, 0xFFFF, 0xFFFF, 0xFFFF, 0xFFFF, 0xFFFF, 0xFFFF, 0xFFFF, 0xFFFF, 0xFFFF, 0xFFFF, 0xFFFF, 0xFFFF, 0xFFFF, 0xFFFF, 
  0xFFFF, 0xFFFF, 0xFFFF, 0xFFFF, 0xFFFF, 0xFFFF, 0xFFFF, 0xFFFF, 0xFFFF, 0xFFFF, 0xFFFF, 0xFFFF, 0xB5B7, 0x10E5, 0x00E7, 0x5415, 
  0x861D, 0x4457, 0x2313, 0x1AF2, 0x22F2, 0x1AF2, 0x2394, 0x861D, 0x3373, 0x00E8, 0x424B, 0xFFFF, 0xFFFF, 0xFFFF, 0xFFFF, 0xFFFF, 
  0xFFFF, 0xFFFF, 0xFFFF, 0xFFFF, 0xFFFF, 0xFFFF, 0xFFFF, 0xFFFF, 0xFFFF, 0xFFFF, 0xFFFF, 0xFFFF, 0xFFFF, 0xFFFF, 0xFFFF, 0xFFFF, 
  0xFFFF, 0xFFFF, 0xFFFF, 0xFFFF, 0xFFFF, 0xAD55, 0x41C7, 0x62EB, 0x3986, 0x3165, 0x5249, 0x5248, 0x49E7, 0x41A6, 0x5A89, 0x4A28, 
  0x39C6, 0x5269, 0x4A08, 0x4186, 0x4A08, 0x62AA, 0x41C6, 0x39A6, 0x4A49, 0x5AAA, 0xD6BA, 0xFFFF, 0xFFFF, 0xFFFF, 0xFFFF, 0xFFFF, 
  0xFFFF, 0xFFFF, 0xFFFF, 0xFFFF, 0xFFFF, 0xFFFF, 0xFFFF, 0xFFFF, 0xFFFF, 0xFFFF, 0xFFFF, 0xFFFF, 0xFFFF, 0xFFFF, 0xFFFF, 0xFFFF, 
  0xFFFF, 0xFFFF, 0xFFFF, 0xFFFF, 0xFFFF, 0xFFFF, 0xFFFF, 0xFFFF, 0xFFFF, 0xFFFF, 0xFFFF, 0xFFFF, 0xFFFF, 0xFFFF, 0xFFFF, 0xFFFF, 
  0xFFFF, 0xFFFF, 0xFFFF, 0xFFFF, 0xFFFF, 0xFFFF, 0xFFFF, 0xFFFF, 0xFFFF, 0xFFFF, 0xFFFF, 0xFFFF, 0xFFFF, 0xFFFF, 0xFFFF, 0xFFFF, 
  0xFFFF, 0xFFFF, 0xFFFF, 0xFFFF, 0xFFFF, 0xFFFF, 0xFFFF, 0xFFFF, 0xFFFF, 0xFFFF, 0xFFFF, 0xBDD8, 0x0863, 0x0928, 0x5CB6, 0x7DFC, 
  0x33B5, 0x1AF2, 0x2312, 0x22F2, 0x1AF2, 0x1AF2, 0x12F2, 0x653A, 0x4C16, 0x0129, 0x2147, 0xE73C, 0xFFFF, 0xFFDF, 0xFFFF, 0xFFFF, 
  0xFFFF, 0xFFFF, 0xFFFF, 0xFFFF, 0xFFFF, 0xFFFF, 0xFFFF, 0xFFFF, 0xFFFF, 0xFFFF, 0xFFFF, 0xFFFF, 0xFFFF, 0xFFFF, 0xFFFF, 0xFFFF, 
  0xFFFF, 0xFFFF, 0xFFFF, 0xFFFF, 0xFFFF, 0x9CD2, 0x3985, 0x62AA, 0x3965, 0x3145, 0x5228, 0x5A08, 0x6228, 0x49A6, 0x6B0B, 0xAD33, 
  0x9450, 0x5289, 0x49E7, 0x4186, 0x5208, 0x628A, 0x49C7, 0x3986, 0x49E7, 0x5228, 0xCE79, 0xFFFF, 0xFFFF, 0xFFFF, 0xFFFF, 0xFFFF, 
  0xFFFF, 0xFFFF, 0xFFFF, 0xFFFF, 0xFFFF, 0xFFFF, 0xFFFF, 0xFFFF, 0xFFFF, 0xFFFF, 0xFFFF, 0xFFFF, 0xFFFF, 0xFFFF, 0xFFFF, 0xFFFF, 
  0xFFFF, 0xFFFF, 0xFFFF, 0xFFFF, 0xFFFF, 0xFFFF, 0xFFFF, 0xFFFF, 0xFFFF, 0xFFFF, 0xFFFF, 0xFFFF, 0xFFFF, 0xFFFF, 0xFFFF, 0xFFFF, 
  0xFFFF, 0xFFFF, 0xFFFF, 0xFFFF, 0xFFFF, 0xFFFF, 0xFFFF, 0xFFFF, 0xFFFF, 0xFFFF, 0xFFFF, 0xFFFF, 0xFFFF, 0xFFFF, 0xFFFF, 0xFFFF, 
  0xFFFF, 0xFFFF, 0xFFFF, 0xFFFF, 0xFFFF, 0xFFFF, 0xFFFF, 0xFFFF, 0xFFFF, 0xFFFF, 0xEF5D, 0x2106, 0x00C6, 0x43F4, 0x865D, 0x33F5, 
  0x2313, 0x2312, 0x22F2, 0x22F2, 0x22F2, 0x1AF2, 0x1AD2, 0x2B74, 0x759B, 0x3332, 0x00A6, 0x52EC, 0xFFDF, 0xFFFF, 0xFFDF, 0xFFFF, 
  0xFFFF, 0xFFFF, 0xFFFF, 0xFFFF, 0xFFFF, 0xFFFF, 0xFFFF, 0xFFFF, 0xFFFF, 0xFFFF, 0xFFFF, 0xFFFF, 0xFFFF, 0xFFFF, 0xFFFF, 0xFFFF, 
  0xFFFF, 0xFFFF, 0xFFFF, 0xFFFF, 0xFFFF, 0x9492, 0x41C7, 0x5AAA, 0x3986, 0x3165, 0x5269, 0x5A48, 0x5A08, 0x41C6, 0x5269, 0x49C7, 
  0x3986, 0x5269, 0x4A08, 0x4186, 0x4A08, 0x628A, 0x41C7, 0x39A6, 0x5269, 0x62AA, 0xCE59, 0xFFFF, 0xFFFF, 0xFFFF, 0xFFFF, 0xFFFF, 
  0xFFFF, 0xFFFF, 0xFFFF, 0xFFFF, 0xFFFF, 0xFFFF, 0xFFFF, 0xFFFF, 0xFFFF, 0xFFFF, 0xFFFF, 0xFFFF, 0xFFFF, 0xFFFF, 0xFFFF, 0xFFFF, 
  0xFFFF, 0xFFFF, 0xFFFF, 0xFFFF, 0xFFFF, 0xFFFF, 0xFFFF, 0xFFFF, 0xFFFF, 0xFFFF, 0xFFFF, 0xFFFF, 0xFFFF, 0xFFFF, 0xFFFF, 0xFFFF, 
  0xFFFF, 0xFFFF, 0xFFFF, 0xFFFF, 0xFFFF, 0xFFFF, 0xFFFF, 0xFFFF, 0xFFFF, 0xFFFF, 0xFFFF, 0xFFFF, 0xFFFF, 0xFFFF, 0xFFFF, 0xFFFF, 
  0xFFFF, 0xFFFF, 0xFFFF, 0xFFFF, 0xFFFF, 0xFFFF, 0xFFFF, 0xFFFF, 0xFFDF, 0xFFFF, 0x8C51, 0x0002, 0x1A2D, 0x7DDB, 0x5D19, 0x2333, 
  0x2313, 0x22F2, 0x22F2, 0x22F2, 0x22F2, 0x22F2, 0x1AF2, 0x1AD2, 0x33B4, 0x759B, 0x4393, 0x00A6, 0x4A8B, 0xE73C, 0xFFFF, 0xFFFF, 
  0xFFFF, 0xFFFF, 0xFFFF, 0xFFFF, 0xFFFF, 0xFFFF, 0xFFFF, 0xFFFF, 0xFFFF, 0xFFFF, 0xFFFF, 0xFFFF, 0xFFFF, 0xFFFF, 0xFFFF, 0xFFFF, 
  0xFFFF, 0xFFFF, 0xFFFF, 0xFFFF, 0xFFFF, 0x8410, 0x39A6, 0x5269, 0x3165, 0x3145, 0x5A49, 0x5A28, 0x6A48, 0x51E7, 0x5A69, 0x4186, 
  0x4186, 0x4A28, 0x4A07, 0x4186, 0x51E8, 0x6289, 0x41C6, 0x3986, 0x49E7, 0x5228, 0xC617, 0xFFFF, 0xFFFF, 0xFFFF, 0xFFFF, 0xFFFF, 
  0xFFFF, 0xFFFF, 0xFFFF, 0xFFFF, 0xFFFF, 0xFFFF, 0xFFFF, 0xFFFF, 0xFFFF, 0xFFFF, 0xFFFF, 0xFFFF, 0xFFFF, 0xFFFF, 0xFFFF, 0xFFFF, 
  0xFFFF, 0xFFFF, 0xFFFF, 0xFFFF, 0xFFFF, 0xFFFF, 0xFFFF, 0xFFFF, 0xFFFF, 0xFFFF, 0xFFFF, 0xFFFF, 0xFFFF, 0xFFFF, 0xFFFF, 0xFFFF, 
  0xFFFF, 0xFFFF, 0xFFFF, 0xFFFF, 0xFFFF, 0xFFFF, 0xFFFF, 0xFFFF, 0xFFFF, 0xFFFF, 0xFFFF, 0xFFFF, 0xFFFF, 0xFFFF, 0xFFFF, 0xFFFF, 
  0xFFFF, 0xFFFF, 0xFFFF, 0xFFFF, 0xFFFF, 0xFFFF, 0xFFFF, 0xFFFF, 0xFFFF, 0xFFFF, 0x4A4A, 0x0064, 0x3331, 0x967D, 0x4457, 0x2333, 
  0x2312, 0x22F2, 0x22F2, 0x22F2, 0x22F2, 0x22F2, 0x22F2, 0x22F2, 0x1AD2, 0x2B53, 0x5CF8, 0x5C97, 0x19CB, 0x1948, 0x94D4, 0xFFDE, 
  0xFFFF, 0xFFFF, 0xFFFF, 0xFFFF, 0xFFFF, 0xFFFF, 0xFFFF, 0xFFFF, 0xFFFF, 0xFFFF, 0xFFFF, 0xFFFF, 0xFFFF, 0xFFFF, 0xFFFF, 0xFFFF, 
  0xFFFF, 0xFFFF, 0xFFFF, 0xFFDF, 0xFFFF, 0x7BEF, 0x4A08, 0x5A8A, 0x3986, 0x3165, 0x5289, 0x5207, 0x5A07, 0x49E7, 0x5A89, 0x4A28, 
  0x4A28, 0x5269, 0x4A08, 0x41A6, 0x4A08, 0x62CA, 0x49E7, 0x41E7, 0x5249, 0x5AAA, 0xC5F7, 0xFFFF, 0xFFFF, 0xFFFF, 0xFFFF, 0xFFFF, 
  0xFFFF, 0xFFFF, 0xFFFF, 0xFFFF, 0xFFFF, 0xFFFF, 0xFFFF, 0xFFFF, 0xFFFF, 0xFFFF, 0xFFFF, 0xFFFF, 0xFFFF, 0xFFFF, 0xFFFF, 0xFFFF, 
  0xFFFF, 0xFFFF, 0xFFFF, 0xFFFF, 0xFFFF, 0xFFFF, 0xFFFF, 0xFFFF, 0xFFFF, 0xFFFF, 0xFFFF, 0xFFFF, 0xFFFF, 0xFFFF, 0xFFFF, 0xFFFF, 
  0xFFFF, 0xFFFF, 0xFFFF, 0xFFFF, 0xFFFF, 0xFFFF, 0xFFFF, 0xFFFF, 0xFFFF, 0xFFFF, 0xFFFF, 0xFFFF, 0xFFFF, 0xFFFF, 0xFFFF, 0xFFFF, 
  0xFFFF, 0xFFFF, 0xFFFF, 0xFFFF, 0xFFFF, 0xFFFF, 0xFFFF, 0xFFFF, 0xFFFF, 0xFFFF, 0x4229, 0x0064, 0x3372, 0x9EDE, 0x4456, 0x2313, 
  0x2312, 0x22F2, 0x22F2, 0x22F2, 0x22F2, 0x22F2, 0x22F2, 0x22F2, 0x2312, 0x22D2, 0x1AD1, 0x3BF5, 0x64F9, 0x4BB3, 0x198A, 0x322B, 
  0x94D4, 0xEF3C, 0xFFFF, 0xFFFF, 0xFFFF, 0xFFFF, 0xFFFF, 0xFFFF, 0xFFFF, 0xFFFF, 0xFFFF, 0xFFFF, 0xFFFF, 0xFFFF, 0xFFFF, 0xFFFF, 
  0xFFFF, 0xFFFF, 0xFFFF, 0xFFFF, 0xFFFF, 0x6B2C, 0x4A08, 0x5269, 0x3986, 0x2945, 0x5249, 0x5A08, 0x6A49, 0x51C6, 0x6B0B, 0xA512, 
  0x9CB1, 0x5AAA, 0x49E7, 0x4186, 0x5208, 0x62AA, 0x49C7, 0x41A7, 0x41C7, 0x5228, 0xB5B6, 0xFFFF, 0xFFFF, 0xFFFF, 0xFFFF, 0xFFFF, 
  0xFFFF, 0xFFFF, 0xFFFF, 0xFFFF, 0xFFFF, 0xFFFF, 0xFFFF, 0xFFFF, 0xFFFF, 0xFFFF, 0xFFFF, 0xFFFF, 0xFFFF, 0xFFFF, 0xFFFF, 0xFFFF, 
  0xFFFF, 0xFFFF, 0xFFFF, 0xFFFF, 0xFFFF, 0xFFFF, 0xFFFF, 0xFFFF, 0xFFFF, 0xFFFF, 0xEF5D, 0xDF1C, 0xCEDC, 0xD71C, 0xD6FC, 0xDEFC, 
  0xF7BE, 0xFFFF, 0xFFFF, 0xFFFF, 0xFFFF, 0xFFFF, 0xFFFF, 0xFFFF, 0xFFFF, 0xFFFF, 0xFFFF, 0xFFFF, 0xFFFF, 0xFFFF, 0xFFFF, 0xFFFF, 
  0xFFFF, 0xFFFF, 0xFFFF, 0xFFFF, 0xFFFF, 0xFFFF, 0xFFFF, 0xFFFF, 0xFFDF, 0xFFFF, 0x7BAF, 0x0022, 0x228E, 0x9EBD, 0x6519, 0x2313, 
  0x2312, 0x22F2, 0x22F2, 0x22F2, 0x22F2, 0x22F2, 0x22F2, 0x22F2, 0x22F2, 0x2312, 0x22F2, 0x1AD1, 0x22D2, 0x3BD5, 0x5477, 0x3B52, 
  0x19EC, 0x2A0C, 0x63B1, 0xA577, 0xD6DB, 0xF7BE, 0xFFFF, 0xFFFF, 0xFFFF, 0xFFFF, 0xFFFF, 0xFFFF, 0xFFFF, 0xFFFF, 0xFFFF, 0xFFFF, 
  0xFFFF, 0xFFFF, 0xFFFF, 0xD69A, 0x7C31, 0x39C7, 0x5A89, 0x5269, 0x39A6, 0x3165, 0x5A69, 0x51E7, 0x6228, 0x51E7, 0x5A69, 0x41C7, 
  0x41C6, 0x5269, 0x4A08, 0x4186, 0x5208, 0x5AAA, 0x49C7, 0x49E7, 0x4208, 0x5AAA, 0xB595, 0xFFFF, 0xFFFF, 0xFFFF, 0xFFFF, 0xFFFF, 
  0xFFFF, 0xFFFF, 0xFFFF, 0xFFFF, 0xFFFF, 0xFFFF, 0xFFFF, 0xFFFF, 0xFFFF, 0xFFFF, 0xFFFF, 0xFFFF, 0xFFFF, 0xFFFF, 0xFFFF, 0xFFFF, 
  0xFFFF, 0xFFFF, 0xFFFF, 0xFFFF, 0xFFFF, 0xFFFF, 0xFFFF, 0xFFFF, 0xAD96, 0x428C, 0x2A2D, 0x3B31, 0x2AAF, 0x4B92, 0x2AB0, 0x226F, 
  0x2A2C, 0x52ED, 0xB597, 0xFFFF, 0xFFFF, 0xFFFF, 0xFFFF, 0xFFFF, 0xFFFF, 0xFFFF, 0xFFFF, 0xFFFF, 0xFFFF, 0xFFFF, 0xFFFF, 0xFFFF, 
  0xFFFF, 0xFFFF, 0xFFFF, 0xFFFF, 0xFFFF, 0xFFFF, 0xFFFF, 0xFFFF, 0xFFFF, 0xFFFF, 0xD6BA, 0x1083, 0x0928, 0x6D17, 0x967D, 0x2B74, 
  0x2313, 0x22F2, 0x22F2, 0x22F2, 0x22F2, 0x22F2, 0x22F2, 0x22F2, 0x22F2, 0x22F2, 0x22F2, 0x2312, 0x22F2, 0x1AD1, 0x1AD1, 0x2B53, 
  0x3394, 0x2B13, 0x1A70, 0x124E, 0x22AF, 0x4351, 0x6C74, 0x9D98, 0xB63A, 0xBE5A, 0xB63A, 0xB65A, 0xBE7B, 0xBE7B, 0xBE5A, 0xC67A, 
  0xB619, 0x7C74, 0x42EF, 0x19CB, 0x1169, 0x2945, 0x5A8A, 0x5228, 0x39A6, 0x3145, 0x5249, 0x51C7, 0x6248, 0x6228, 0x628A, 0x3125, 
  0x3965, 0x5269, 0x49E7, 0x4186, 0x5208, 0x62AA, 0x49C7, 0x49E7, 0x41C7, 0x5A69, 0xB595, 0xFFFF, 0xFFFF, 0xFFFF, 0xFFFF, 0xFFFF, 
  0xFFFF, 0xFFFF, 0xFFFF, 0xFFFF, 0xFFFF, 0xFFFF, 0xFFFF, 0xFFFF, 0xFFFF, 0xFFFF, 0xFFFF, 0xFFFF, 0xFFFF, 0xFFFF, 0xFFFF, 0xFFFF, 
  0xFFFF, 0xFFFF, 0xFFFF, 0xFFFF, 0xFFFF, 0xFFFF, 0xFFFF, 0xC639, 0x10E5, 0x00C7, 0x4BB4, 0x7494, 0xADB5, 0xCEB8, 0xA5B5, 0x7CF6, 
  0x5CD8, 0x09ED, 0x0044, 0x73AF, 0xFFFF, 0xFFFF, 0xFFFF, 0xFFFF, 0xFFFF, 0xFFFF, 0xFFFF, 0xFFFF, 0xFFFF, 0xFFFF, 0xFFFF, 0xFFFF, 
  0xFFFF, 0xFFFF, 0xFFFF, 0xFFFF, 0xFFFF, 0xFFFF, 0xFFFF, 0xFFFF, 0xFFFF, 0xFFFF, 0xFFFF, 0x738F, 0x0002, 0x228E, 0x9E9D, 0x5CF8, 
  0x2313, 0x22F2, 0x22F2, 0x22F2, 0x22F2, 0x22F2, 0x22F2, 0x22F2, 0x22F2, 0x22F2, 0x22F2, 0x22F2, 0x22F2, 0x22F2, 0x22F2, 0x22F2, 
  0x1AD1, 0x22F2, 0x2312, 0x2312, 0x22F2, 0x1AB1, 0x1AB1, 0x22D1, 0x2AF1, 0x2AF1, 0x22B0, 0x1A90, 0x1270, 0x1270, 0x1270, 0x2AF1, 
  0x2B11, 0x124F, 0x1A90, 0x2290, 0x19CA, 0x2945, 0x5A8A, 0x4A29, 0x39A6, 0x3165, 0x5269, 0x49C6, 0x5A27, 0x59E7, 0x734C, 0x840F, 
  0x7B6D, 0x5269, 0x4A07, 0x3986, 0x49E7, 0x5A8A, 0x49E7, 0x49E7, 0x41C7, 0x5A8A, 0xAD54, 0xFFFF, 0xFFFF, 0xFFFF, 0xFFFF, 0xFFFF, 
  0xFFFF, 0xFFFF, 0xFFFF, 0xFFFF, 0xFFFF, 0xFFFF, 0xFFFF, 0xFFFF, 0xFFFF, 0xFFFF, 0xFFFF, 0xFFFF, 0xFFFF, 0xFFFF, 0xFFFF, 0xFFFF, 
  0xFFFF, 0xFFFF, 0xFFFF, 0xFFFF, 0xFFFF, 0xFFFF, 0xFFFF, 0x5AED, 0x0084, 0x2290, 0x8559, 0x9D13, 0xE719, 0xA532, 0xBDF5, 0xD697, 
  0xA5D8, 0x6D39, 0x122D, 0x0003, 0x9CF3, 0xFFFF, 0xFFFF, 0xFFFF, 0xFFFF, 0xFFFF, 0xFFFF, 0xFFFF, 0xFFFF, 0xFFFF, 0xFFFF, 0xFFFF, 
  0xFFFF, 0xFFFF, 0xFFFF, 0xFFFF, 0xFFFF, 0xFFFF, 0xFFFF, 0xFFFF, 0xFFFF, 0xFFFF, 0xFFFF, 0xEF7D, 0x2125, 0x00A5, 0x4C14, 0x9EBE, 
  0x33B5, 0x22F2, 0x22F2, 0x22F2, 0x22D2, 0x22F2, 0x22F2, 0x22F2, 0x22F2, 0x22F2, 0x22F2, 0x22F2, 0x22F2, 0x22F2, 0x22F2, 0x22F2, 
  0x22F2, 0x22F2, 0x22F2, 0x22F2, 0x22F2, 0x22F2, 0x22F2, 0x1AD2, 0x1AD1, 0x1AD1, 0x1AB1, 0x2AD1, 0x4372, 0x53F3, 0x4B92, 0x3331, 
  0x2AD1, 0x22D1, 0x1AB1, 0x09AC, 0x1128, 0x3186, 0x5AAA, 0x4A08, 0x41A6, 0x3986, 0x5AAA, 0x49C7, 0x5A28, 0x5207, 0x732B, 0x83CE, 
  0x734C, 0x5A89, 0x4A07, 0x3986, 0x49E7, 0x628A, 0x49E7, 0x4A08, 0x49E7, 0x5A8A, 0xAD34, 0xFFFF, 0xFFFF, 0xFFFF, 0xFFFF, 0xFFFF, 
  0xFFFF, 0xFFFF, 0xFFFF, 0xFFFF, 0xFFFF, 0xFFFF, 0xFFFF, 0xFFFF, 0xFFFF, 0xFFFF, 0xFFFF, 0xFFFF, 0xFFFF, 0xFFFF, 0xFFFF, 0xFFFF, 
  0xFFFF, 0xFFFF, 0xFFFF, 0xFFFF, 0xFFFF, 0xFFFF, 0x7C31, 0x0064, 0x220C, 0x6D39, 0x7473, 0xBE16, 0xDEF9, 0xCE97, 0xCE98, 0xDEF9, 
  0xCE57, 0x9597, 0x3BF5, 0x0908, 0x2146, 0xEF9E, 0xFFFF, 0xFFFF, 0xFFFF, 0xFFFF, 0xFFFF, 0xFFFF, 0xFFFF, 0xFFFF, 0xFFFF, 0xFFFF, 
  0xFFFF, 0xFFFF, 0xFFFF, 0xFFFF, 0xFFFF, 0xFFFF, 0xFFFF, 0xFFFF, 0xFFFF, 0xFFFF, 0xFFFF, 0xFFFF, 0xB5B6, 0x0022, 0x0969, 0x7D99, 
  0x8DFC, 0x2313, 0x22F2, 0x22D2, 0x22D2, 0x22F2, 0x22F2, 0x22F2, 0x22F2, 0x22F2, 0x22F2, 0x22F2, 0x22F2, 0x22F2, 0x22F2, 0x22F2, 
  0x22F2, 0x22F2, 0x22F2, 0x22F2, 0x22F2, 0x22D2, 0x22D2, 0x22F2, 0x2312, 0x1AB1, 0x5BB1, 0xC657, 0xCE98, 0xB5B4, 0xCE77, 0xD6B8, 
  0xC657, 0xB5F6, 0x9D75, 0x8492, 0x4ACB, 0x3185, 0x62AA, 0x49E7, 0x39A6, 0x3185, 0x5AAA, 0x41A7, 0x59E7, 0x5A27, 0x5A69, 0x20C3, 
  0x3925, 0x5A69, 0x41E7, 0x41A6, 0x51E8, 0x62CA, 0x51E7, 0x49E7, 0x41E7, 0x5A69, 0xA4F3, 0xFFFF, 0xFFDF, 0xFFFF, 0xFFFF, 0xFFFF, 
  0xFFFF, 0xFFFF, 0xFFFF, 0xFFFF, 0xFFFF, 0xFFFF, 0xFFFF, 0xFFFF, 0xFFFF, 0xFFFF, 0xFFFF, 0xFFFF, 0xFFFF, 0xFFFF, 0xFFFF, 0xFFFF, 
  0xFFFF, 0xFFFF, 0xFFFF, 0xFFFF, 0xCE7A, 0x52EC, 0x08C6, 0x32D0, 0x64D8, 0x6453, 0xAD74, 0xDF19, 0xD6D8, 0xD6F8, 0xD6D8, 0xD6D8, 
  0xDEF9, 0xB5F6, 0x5CB6, 0x1A0D, 0x0043, 0xB5B7, 0xFFFF, 0xFFFF, 0xFFFF, 0xFFFF, 0xFFFF, 0xFFFF, 0xFFFF, 0xFFFF, 0xFFFF, 0xFFFF, 
  0xFFFF, 0xFFFF, 0xFFFF, 0xFFFF, 0xFFFF, 0xFFFF, 0xFFFF, 0xFFFF, 0xFFFF, 0xFFFF, 0xFFFF, 0xFFDF, 0xFFFF, 0x7BF0, 0x0002, 0x1A4D, 
  0x9E7C, 0x64F9, 0x1AF2, 0x22F2, 0x22F1, 0x22F2, 0x22F2, 0x22F2, 0x22F2, 0x22F2, 0x22F2, 0x22F2, 0x22F2, 0x22F2, 0x22F2, 0x22F2, 
  0x22F2, 0x22F2, 0x22F2, 0x22D2, 0x22D2, 0x22D2, 0x22F2, 0x1AF2, 0x22F2, 0x1AB1, 0x5BB0, 0xDF19, 0xCE98, 0xA553, 0xC656, 0xDEF8, 
  0xDEF8, 0xDEF8, 0xE719, 0xDF19, 0x9CF1, 0x39C6, 0x62CB, 0x49E7, 0x39A6, 0x3185, 0x62AA, 0x49C7, 0x51E7, 0x51E7, 0x6B0B, 0x734C, 
  0x62CA, 0x5269, 0x4A07, 0x41A6, 0x49E7, 0x62AA, 0x49E7, 0x49E7, 0x41E7, 0x6AEB, 0x62EB, 0xBE18, 0xFFFF, 0xFFFF, 0xFFFF, 0xFFFF, 
  0xFFFF, 0xFFFF, 0xFFFF, 0xFFFF, 0xFFFF, 0xFFFF, 0xFFFF, 0xFFFF, 0xFFFF, 0xFFFF, 0xFFFF, 0xFFFF, 0xFFFF, 0xFFFF, 0xFFFF, 0xFFFF, 
  0xFFFF, 0xF77D, 0xB5D8, 0x636F, 0x21A9, 0x1A0D, 0x4BD4, 0x5C55, 0x7452, 0xBDF5, 0xDF19, 0xD6D8, 0xD6D8, 0xD6D8, 0xD6D8, 0xD6D8, 
  0xDEF8, 0xC636, 0x5C96, 0x226E, 0x0042, 0x9CD3, 0xFFFF, 0xFFDF, 0xFFFF, 0xFFFF, 0xFFFF, 0xFFFF, 0xFFFF, 0xFFFF, 0xFFFF, 0xFFFF, 
  0xFFFF, 0xFFFF, 0xFFFF, 0xFFFF, 0xFFFF, 0xFFFF, 0xFFFF, 0xFFFF, 0xFFFF, 0xFFFF, 0xFFFF, 0xFFFF, 0xFFFF, 0xFFFF, 0x52CB, 0x0003, 
  0x32F0, 0x967D, 0x4C57, 0x1AF2, 0x22F2, 0x22F2, 0x22F2, 0x22F2, 0x22F2, 0x22F2, 0x22F2, 0x22F2, 0x22F2, 0x22F2, 0x22F2, 0x22F2, 
  0x22F2, 0x22F2, 0x22D2, 0x1AD2, 0x1AD2, 0x22D2, 0x22D2, 0x22D2, 0x22F2, 0x22F3, 0x226F, 0x84B2, 0xE719, 0xDF19, 0xDEF9, 0xD6D8, 
  0xD6D8, 0xD6D8, 0xD6D8, 0xCE97, 0x8C6F, 0x39A6, 0x6AEB, 0x41C7, 0x39A6, 0x3186, 0x62AA, 0x49C7, 0x51E7, 0x51E7, 0x7B6C, 0x9470, 
  0x7B8D, 0x5289, 0x4A07, 0x41A6, 0x49E7, 0x62AA, 0x49C7, 0x49E7, 0x41C6, 0x732C, 0x39C8, 0x1148, 0x428D, 0x94D4, 0xD6BA, 0xF7BE, 
  0xFFFF, 0xFFFF, 0xFFFF, 0xFFFF, 0xFFFF, 0xFFFF, 0xFFFF, 0xFFFF, 0xFFFF, 0xFFFF, 0xFFFF, 0xFFFF, 0xFFDE, 0xEF5D, 0xCE9B, 0x9D77, 
  0x6BF2, 0x328E, 0x09CC, 0x0A0D, 0x22F1, 0x4BD3, 0x7452, 0xAD74, 0xD6B8, 0xDEF9, 0xD6D8, 0xD6D8, 0xD6D8, 0xD6D8, 0xD6D8, 0xD6D8, 
  0xDF19, 0xAD95, 0x5C96, 0x1A0D, 0x0042, 0xB5B6, 0xFFFF, 0xFFFF, 0xFFFF, 0xFFFF, 0xFFFF, 0xFFFF, 0xFFFF, 0xFFFF, 0xFFFF, 0xFFFF, 
  0xFFFF, 0xFFFF, 0xFFFF, 0xFFFF, 0xFFFF, 0xFFFF, 0xFFFF, 0xFFFF, 0xFFFF, 0xFFFF, 0xFFFF, 0xFFFF, 0xFFFF, 0xFFFF, 0xF7BE, 0x4209, 
  0x0024, 0x3B51, 0x967D, 0x4416, 0x1AF3, 0x22F2, 0x22F2, 0x22F2, 0x22F2, 0x22F2, 0x22F2, 0x22F2, 0x22F2, 0x22F2, 0x22F2, 0x22F2, 
  0x22F2, 0x22F2, 0x22D2, 0x1AD2, 0x1AD2, 0x22F2, 0x22F2, 0x1AD2, 0x22F2, 0x22D2, 0x22D2, 0x32AE, 0xBE36, 0xDEF9, 0xD6D8, 0xD6D8, 
  0xD6D8, 0xD6D8, 0xD6D8, 0xCE97, 0x842E, 0x39A5, 0x6B0C, 0x41E7, 0x39C7, 0x39A6, 0x6ACB, 0x5207, 0x51E7, 0x5208, 0x5A89, 0x3165, 
  0x4186, 0x62AA, 0x4A28, 0x41A6, 0x5208, 0x62AA, 0x51E7, 0x5228, 0x41E7, 0x6B0C, 0x4A49, 0x53B2, 0x4351, 0x224D, 0x1A0C, 0x328E, 
  0x5372, 0x7475, 0x9577, 0xBE5A, 0xC69B, 0xB63A, 0xA5F9, 0x9DD9, 0x9599, 0x8D58, 0x9557, 0x8D17, 0x6414, 0x32F0, 0x1A4F, 0x0A0E, 
  0x122E, 0x2AD0, 0x4B92, 0x7473, 0x9D54, 0xBE36, 0xDED8, 0xDF19, 0xD6D8, 0xD6D8, 0xD6D8, 0xD6D8, 0xD6D8, 0xD6D8, 0xD6D8, 0xDEF9, 
  0xC636, 0x9597, 0x4C56, 0x08E7, 0x2126, 0xEF7D, 0xFFFF, 0xFFFF, 0xFFFF, 0xFFFF, 0xFFFF, 0xFFFF, 0xFFFF, 0xFFFF, 0xFFFF, 0xFFFF, 
  0xFFFF, 0xFFFF, 0xFFFF, 0xFFFF, 0xFFFF, 0xFFFF, 0xFFFF, 0xFFFF, 0xFFFF, 0xFFFF, 0xFFFF, 0xFFFF, 0xFFFF, 0xFFFF, 0xFFFF, 0xEF7D, 
  0x39A8, 0x0044, 0x43B2, 0x967C, 0x3BD5, 0x22F2, 0x22F2, 0x22F2, 0x22F2, 0x22F2, 0x22F2, 0x22F2, 0x22F2, 0x22F2, 0x22F2, 0x22F2, 
  0x22F2, 0x22F2, 0x22D2, 0x22D1, 0x1AD2, 0x1AD2, 0x1AD2, 0x22D2, 0x22D2, 0x22D2, 0x22F2, 0x1A90, 0x6C30, 0xDF19, 0xD6D8, 0xD6D9, 
  0xD6D8, 0xD6D8, 0xD6D8, 0xCE77, 0x9490, 0x4207, 0x62EB, 0x3986, 0x3165, 0x3165, 0x5A8A, 0x4186, 0x49A6, 0x3986, 0x5249, 0x3965, 
  0x3965, 0x5249, 0x39C6, 0x3945, 0x4186, 0x5A49, 0x4186, 0x49E7, 0x39A6, 0x62CB, 0x840E, 0xC656, 0xCEB8, 0xADB5, 0xA595, 0x9534, 
  0x7472, 0x5BD1, 0x53B1, 0x6412, 0x5BF2, 0x4351, 0x32F0, 0x2AF0, 0x2AD0, 0x32F0, 0x4330, 0x4B71, 0x4B91, 0x5BD1, 0x7473, 0x8D14, 
  0xADB5, 0xC636, 0xD6B8, 0xDF19, 0xDF19, 0xDEF8, 0xD6D8, 0xD6D8, 0xD6D8, 0xD6D8, 0xD6D8, 0xD6D8, 0xD6D8, 0xD6D8, 0xDEF8, 0xCE77, 
  0xA596, 0x85FB, 0x1A6E, 0x0002, 0x9CD3, 0xFFFF, 0xFFFF, 0xFFFF, 0xFFFF, 0xFFFF, 0xFFFF, 0xFFFF, 0xFFFF, 0xFFFF, 0xFFFF, 0xFFFF, 
  0xFFFF, 0xFFFF, 0xFFFF, 0xFFFF, 0xFFFF, 0xFFFF, 0xFFFF, 0xFFFF, 0xFFFF, 0xFFFF, 0xFFFF, 0xFFFF, 0xFFFF, 0xFFFF, 0xFFFF, 0xFFFF, 
  0xE73C, 0x2946, 0x0084, 0x4C14, 0x8E5C, 0x2B74, 0x2312, 0x22F2, 0x22F2, 0x22F2, 0x22F2, 0x22F2, 0x22F2, 0x22F2, 0x22F2, 0x22F2, 
  0x22F2, 0x22F2, 0x22D2, 0x22D1, 0x22D2, 0x22F2, 0x1AD2, 0x1AD2, 0x1AD2, 0x1AD2, 0x22F2, 0x22D2, 0x3AEE, 0xC656, 0xDEF9, 0xD6D8, 
  0xD6D8, 0xD6D8, 0xD6F8, 0xCE77, 0xC676, 0xBE15, 0xA512, 0x94B1, 0x844F, 0x840E, 0x9470, 0x8C0E, 0x83EE, 0x7BAD, 0x83EE, 0x7BAD, 
  0x7BAD, 0x840F, 0x7BEE, 0x83EE, 0x8C2F, 0x9CD1, 0x9490, 0x9CB1, 0xA4F2, 0xBDD5, 0xCE77, 0xD6D8, 0xD6D8, 0xAD73, 0xCE56, 0xE719, 
  0xE739, 0xE718, 0xDEF8, 0xD6B7, 0xCE97, 0xCE97, 0xCE97, 0xCE97, 0xCE97, 0xD697, 0xD6B8, 0xD6D8, 0xDEF8, 0xDF19, 0xE719, 0xE719, 
  0xDF19, 0xDEF9, 0xD6D8, 0xD6D8, 0xD6D8, 0xD6D8, 0xD6D8, 0xD6D8, 0xD6D8, 0xD6D8, 0xD6F8, 0xDEF9, 0xD6D8, 0xDEF9, 0xCE57, 0xA576, 
  0x965C, 0x2B10, 0x0023, 0x6B6E, 0xFFFF, 0xFFFF, 0xFFFF, 0xFFFF, 0xFFFF, 0xFFFF, 0xFFFF, 0xFFFF, 0xFFFF, 0xFFFF, 0xFFFF, 0xFFFF, 
  0xFFFF, 0xFFFF, 0xFFFF, 0xFFFF, 0xFFFF, 0xFFFF, 0xFFFF, 0xFFFF, 0xFFFF, 0xFFFF, 0xFFFF, 0xFFFF, 0xFFFF, 0xFFFF, 0xFFFF, 0xFFDF, 
  0xFFFF, 0xCE9A, 0x10A4, 0x00E7, 0x6CF7, 0x7DDB, 0x2333, 0x22F2, 0x22F2, 0x22F2, 0x22F2, 0x22F2, 0x22D2, 0x22F2, 0x22F2, 0x22F2, 
  0x22F2, 0x22D2, 0x1AD2, 0x1AF2, 0x22F2, 0x22F2, 0x1AD2, 0x1AD2, 0x1AD2, 0x1AD2, 0x1AD2, 0x1AF2, 0x2A8F, 0xA553, 0xDEFA, 0xD6F8, 
  0xDEF8, 0xDEF9, 0xCE97, 0xC656, 0xCE77, 0xDF1A, 0xC637, 0xD6B8, 0xCE98, 0xE73A, 0xCE98, 0xD6D9, 0xD6B8, 0xDF3A, 0xD6B9, 0xDEF9, 
  0xD6F9, 0xE73B, 0xE75B, 0xD6F9, 0xDF1A, 0xE75B, 0xE75B, 0xDEF9, 0xDF1A, 0xE73B, 0xDF3A, 0xD6D9, 0xD6B8, 0xDF19, 0xDF19, 0xD6F8, 
  0xD6D8, 0xD6D8, 0xD6D8, 0xD6D8, 0xD6F8, 0xD6F8, 0xD6F8, 0xDEF8, 0xDEF8, 0xD6F8, 0xD6F8, 0xD6D8, 0xD6D8, 0xD6D8, 0xD6D8, 0xD6D8, 
  0xD6D8, 0xD6D8, 0xD6D8, 0xD6D8, 0xD6D8, 0xD6D8, 0xD6D8, 0xD6D8, 0xD6D8, 0xD6D8, 0xC657, 0xBDF5, 0xD6D8, 0xC636, 0x9D96, 0x8DFB, 
  0x22AF, 0x0023, 0x73AF, 0xFFFF, 0xFFFF, 0xFFFF, 0xFFFF, 0xFFFF, 0xFFFF, 0xFFFF, 0xFFFF, 0xFFFF, 0xFFFF, 0xFFFF, 0xFFFF, 0xFFFF, 
  0xFFFF, 0xFFFF, 0xFFFF, 0xFFFF, 0xFFFF, 0xFFFF, 0xFFFF, 0xFFFF, 0xFFFF, 0xFFFF, 0xFFFF, 0xFFFF, 0xFFFF, 0xFFFF, 0xFFFF, 0xFFFF, 
  0xFFDF, 0xFFFF, 0x94B3, 0x0003, 0x19EB, 0x8E1C, 0x54B8, 0x2312, 0x22F2, 0x22F2, 0x22F2, 0x22F2, 0x22F2, 0x22F2, 0x22F2, 0x22F2, 
  0x22F2, 0x22F2, 0x1AD2, 0x1AD2, 0x1AD2, 0x1AD2, 0x1AD2, 0x1AD2, 0x1AD2, 0x1AD2, 0x1AD2, 0x22D2, 0x1A8F, 0x8CD2, 0xDF1A, 0xB5B4, 
  0xAD94, 0xAD73, 0xC637, 0xEF5C, 0xB5B6, 0x9CD2, 0xBDF7, 0xDEDA, 0xAD95, 0x8C71, 0xB5B6, 0xE71B, 0xBDD6, 0xA513, 0xB5D6, 0xDEFB, 
  0xC638, 0xA533, 0xAD54, 0xD6BA, 0xDEFB, 0xB595, 0x9CF3, 0xDEDA, 0xDEFB, 0xBDF7, 0xA554, 0xD6BA, 0xE71B, 0xC636, 0xB5B4, 0xAD93, 
  0xCE77, 0xD6D8, 0xD6D8, 0xD6D8, 0xD6D8, 0xD6D8, 0xD6D8, 0xD6D8, 0xD6D8, 0xD6D8, 0xD6D8, 0xD6D8, 0xD6D8, 0xD6D8, 0xD6D8, 0xD6D8, 
  0xD6D8, 0xD6D8, 0xD6D8, 0xD6D8, 0xD6D8, 0xD6D8, 0xD6D8, 0xD6D8, 0xD6D8, 0xD6D8, 0xBE15, 0xAD73, 0xB5B5, 0x9DD8, 0x6D59, 0x09AA, 
  0x0884, 0x9CF3, 0xFFFF, 0xFFFF, 0xFFFF, 0xFFFF, 0xFFFF, 0xFFFF, 0xFFFF, 0xFFFF, 0xFFFF, 0xFFFF, 0xFFFF, 0xFFFF, 0xFFFF, 0xFFFF, 
  0xFFFF, 0xFFFF, 0xFFFF, 0xFFFF, 0xFFFF, 0xFFFF, 0xFFFF, 0xFFFF, 0xFFFF, 0xFFFF, 0xFFFF, 0xFFFF, 0xFFFF, 0xFFFF, 0xFFFF, 0xFFFF, 
  0xFFFF, 0xFFFF, 0xF7DE, 0x3187, 0x0085, 0x4C14, 0x8E3C, 0x2B54, 0x22F2, 0x22F2, 0x22F2, 0x22F2, 0x22F2, 0x22F2, 0x22F2, 0x1AD2, 
  0x1AD2, 0x1AD2, 0x1AD2, 0x1AD2, 0x1AD2, 0x1AD2, 0x1AD2, 0x1AD2, 0x1AD2, 0x1AD2, 0x1AD1, 0x22D2, 0x1A8F, 0x8CD2, 0xDF19, 0xCE77, 
  0xC636, 0xC656, 0xC657, 0xD6B9, 0xC617, 0xBE16, 0xC617, 0xD6B9, 0xBDF6, 0xBDF6, 0xC637, 0xDEFA, 0xC637, 0xC637, 0xC637, 0xD6DA, 
  0xCE99, 0xC658, 0xCE78, 0xD6B9, 0xDEFA, 0xCE99, 0xC658, 0xD6DA, 0xDEFA, 0xD699, 0xC658, 0xD6B9, 0xD6B9, 0xCE97, 0xCE77, 0xCE57, 
  0xD6B8, 0xD6D8, 0xD6D8, 0xD6D8, 0xD6D8, 0xD6D8, 0xD6D8, 0xD6D8, 0xD6D8, 0xD6D8, 0xD6D8, 0xD6D8, 0xD6D8, 0xD6D8, 0xD6D8, 0xD6D8, 
  0xD6D8, 0xD6D8, 0xD6D8, 0xD6D8, 0xD6D8, 0xD6D8, 0xD6D8, 0xD6D8, 0xD6D8, 0xD6D8, 0xDEF9, 0xB616, 0x95F9, 0x5455, 0x00C6, 0x3187, 
  0xD67A, 0xFFFF, 0xFFFF, 0xFFFF, 0xFFFF, 0xFFFF, 0xFFFF, 0xFFFF, 0xFFFF, 0xFFFF, 0xFFFF, 0xFFFF, 0xFFFF, 0xFFFF, 0xFFFF, 0xFFFF, 
  0xFFFF, 0xFFFF, 0xFFFF, 0xFFFF, 0xFFFF, 0xFFFF, 0xFFFF, 0xFFFF, 0xFFFF, 0xFFFF, 0xFFFF, 0xFFFF, 0xFFFF, 0xFFFF, 0xFFFF, 0xFFFF, 
  0xFFFF, 0xFFDF, 0xFFFF, 0x8431, 0x0023, 0x226E, 0x8E7C, 0x4C56, 0x1AF2, 0x22F2, 0x22F2, 0x22F2, 0x22F2, 0x22F2, 0x1AF2, 0x1AD2, 
  0x1AD2, 0x1AD2, 0x22D2, 0x1AD2, 0x1AD2, 0x1AD2, 0x1AD2, 0x1AD2, 0x1AD2, 0x1AD2, 0x1AD2, 0x1AF2, 0x2A8F, 0xA594, 0xDEF9, 0xD6D8, 
  0xD6F8, 0xD6F8, 0xD6D8, 0xC636, 0xCE97, 0xD6D8, 0xBE16, 0xCE77, 0xC656, 0xD6D8, 0xC656, 0xCE97, 0xCE97, 0xD6D8, 0xCE77, 0xD6B8, 
  0xD6B8, 0xD6D8, 0xD6F8, 0xD6B8, 0xD6B8, 0xDEF9, 0xDEF9, 0xCE97, 0xD6B8, 0xDEF9, 0xDEF9, 0xD6B8, 0xD6B8, 0xD6D8, 0xD6D8, 0xD6D8, 
  0xD6B8, 0xD6B8, 0xD6B8, 0xD6B8, 0xD6D8, 0xD6D8, 0xD6D8, 0xD6D8, 0xD6D8, 0xD6D8, 0xD6D8, 0xD6D8, 0xD6D8, 0xD6D8, 0xD6D8, 0xD6D8, 
  0xD6D8, 0xD6D8, 0xD6D8, 0xD6D8, 0xD6D8, 0xD6D8, 0xD6D8, 0xD6D8, 0xD6F8, 0xD6B8, 0xA575, 0x8DFA, 0x3B72, 0x0044, 0x5ACC, 0xF79E, 
  0xFFFF, 0xFFDF, 0xFFFF, 0xFFFF, 0xFFFF, 0xFFFF, 0xFFFF, 0xFFFF, 0xFFFF, 0xFFFF, 0xFFFF, 0xFFFF, 0xFFFF, 0xFFFF, 0xFFFF, 0xFFFF, 
  0xFFFF, 0xFFFF, 0xFFFF, 0xFFFF, 0xFFFF, 0xFFFF, 0xFFFF, 0xFFFF, 0xFFFF, 0xFFFF, 0xFFFF, 0xFFFF, 0xFFFF, 0xFFFF, 0xFFFF, 0xFFFF, 
  0xFFFF, 0xFFFF, 0xFFFF, 0xBDF7, 0x0043, 0x11AB, 0x8DFB, 0x655A, 0x1AF2, 0x22F2, 0x1AF2, 0x22F2, 0x22F2, 0x22F2, 0x22F2, 0x1AD2, 
  0x1AD2, 0x1AD2, 0x1AD2, 0x1AD2, 0x1AD2, 0x1AD2, 0x1AD2, 0x1AD2, 0x1AD2, 0x1AD2, 0x22F2, 0x1AB1, 0x536F, 0xD6B8, 0xD6D8, 0xD6D8, 
  0xD6D8, 0xD6D8, 0xD6D8, 0xC656, 0xCEB7, 0xD6B8, 0xC616, 0xCE97, 0xC676, 0xCE97, 0xC657, 0xD6B8, 0xCE97, 0xD6B8, 0xCE77, 0xD6D8, 
  0xD6B8, 0xD6B7, 0xD6D8, 0xD6B8, 0xD6B8, 0xD6D9, 0xD6D8, 0xCEB7, 0xD6B8, 0xD6D9, 0xD6D8, 0xD6D8, 0xD6D8, 0xD6D8, 0xD6D8, 0xD6D8, 
  0xD6D8, 0xD6D8, 0xD6D8, 0xD6D8, 0xD6D8, 0xD6D8, 0xD6D8, 0xD6D8, 0xD6D8, 0xD6D8, 0xD6D8, 0xD6D8, 0xD6D8, 0xD6D8, 0xD6D8, 0xD6D8, 
  0xD6D8, 0xD6D8, 0xD6D8, 0xD6D8, 0xD6D8, 0xD6D8, 0xD6D8, 0xD6D8, 0xD6D8, 0x9514, 0x963B, 0x3B92, 0x0023, 0x630D, 0xFFFF, 0xFFFF, 
  0xFFFF, 0xFFFF, 0xFFFF, 0xFFFF, 0xFFFF, 0xFFFF, 0xFFFF, 0xFFFF, 0xFFFF, 0xFFFF, 0xFFFF, 0xFFFF, 0xFFFF, 0xFFFF, 0xFFFF, 0xFFFF, 
  0xFFFF, 0xFFFF, 0xFFFF, 0xFFFF, 0xFFFF, 0xFFFF, 0xFFFF, 0xFFFF, 0xFFFF, 0xFFFF, 0xFFFF, 0xFFFF, 0xFFFF, 0xFFFF, 0xFFFF, 0xFFFF, 
  0xFFFF, 0xFFFF, 0xFFFF, 0xD67A, 0x0884, 0x098A, 0x7D99, 0x75DB, 0x2333, 0x22F2, 0x22F2, 0x22F2, 0x22F2, 0x22D2, 0x22F2, 0x1AF2, 
  0x1AD2, 0x1AD2, 0x1AD2, 0x1AD2, 0x1AD2, 0x1AD2, 0x1AD2, 0x1AD1, 0x22D2, 0x1AD1, 0x1AD2, 0x32AE, 0xADB5, 0xDEF9, 0xD6B8, 0xD6D8, 
  0xD6D8, 0xD6D8, 0xD6D8, 0xC656, 0xD6B7, 0xD698, 0xBE16, 0xCE97, 0xC676, 0xCE97, 0xC656, 0xCEB8, 0xCE97, 0xD6B8, 0xCE77, 0xD6B8, 
  0xD6B8, 0xD6B8, 0xD6B8, 0xD6B8, 0xD6B8, 0xD6D9, 0xD6D8, 0xCEB7, 0xD6B8, 0xD6D8, 0xD6D8, 0xD6B8, 0xD6D8, 0xD6D8, 0xD6D8, 0xD6D8, 
  0xD6D8, 0xD6D8, 0xD6D8, 0xD6D8, 0xD6D8, 0xD6D8, 0xD6D8, 0xD6D8, 0xD6D8, 0xD6D8, 0xD6D8, 0xD6D8, 0xD6D8, 0xD6D8, 0xD6D8, 0xD6D8, 
  0xD6D8, 0xD6D8, 0xD6D8, 0xD6D8, 0xD6D8, 0xD6D8, 0xD6B8, 0xDEF9, 0x9513, 0x85D9, 0x64F8, 0x00C7, 0x2966, 0xF79E, 0xFFFF, 0xFFFF, 
  0xFFFF, 0xFFFF, 0xFFFF, 0xFFFF, 0xFFFF, 0xFFFF, 0xFFFF, 0xFFFF, 0xFFFF, 0xFFFF, 0xFFFF, 0xFFFF, 0xFFFF, 0xFFFF, 0xFFFF, 0xFFFF, 
  0xFFFF, 0xFFFF, 0xFFFF, 0xFFFF, 0xFFFF, 0xFFFF, 0xFFFF, 0xFFFF, 0xFFFF, 0xFFFF, 0xFFFF, 0xFFFF, 0xFFFF, 0xFFFF, 0xFFFF, 0xFFFF, 
  0xFFFF, 0xFFFF, 0xFFFF, 0xC638, 0x0063, 0x11AB, 0x7DDA, 0x759B, 0x1B12, 0x22F2, 0x22D2, 0x22D1, 0x22D1, 0x22D2, 0x22F2, 0x1AD2, 
  0x1AD2, 0x1AD1, 0x1AD2, 0x1AD2, 0x1AD2, 0x1AD2, 0x1AD2, 0x1AD1, 0x22F1, 0x1AD2, 0x2A8E, 0x9D34, 0xDF19, 0xD6B8, 0xD6B8, 0xD6D8, 
  0xD6D8, 0xD6D8, 0xD6D8, 0xC656, 0xD6B8, 0xCE98, 0xBE16, 0xCE97, 0xC676, 0xCE97, 0xC656, 0xD6B7, 0xCE97, 0xD6B8, 0xCE77, 0xD6B8, 
  0xD6B8, 0xD6B8, 0xD6D8, 0xD6B8, 0xD6D8, 0xD6F8, 0xD6D8, 0xCEB8, 0xD6B8, 0xD6D8, 0xD6D8, 0xD6D8, 0xD6B8, 0xD6D8, 0xD6D8, 0xD6D8, 
  0xD6D8, 0xD6D8, 0xD6B8, 0xD6B8, 0xD6D8, 0xD6D8, 0xD6D8, 0xD6D8, 0xD6D8, 0xD6D8, 0xD6D8, 0xD6D8, 0xD6D8, 0xD6D8, 0xD6D8, 0xD6D8, 
  0xD6D8, 0xD6D8, 0xD6D8, 0xD6D8, 0xD6D8, 0xD6D8, 0xD6D8, 0xCE57, 0x6C52, 0x9EBD, 0x3311, 0x0043, 0x83F0, 0xFFFF, 0xFFDF, 0xFFFF, 
  0xFFFF, 0xFFFF, 0xFFFF, 0xFFFF, 0xFFFF, 0xFFFF, 0xFFFF, 0xFFFF, 0xFFFF, 0xFFFF, 0xFFFF, 0xFFFF, 0xFFFF, 0xFFFF, 0xFFFF, 0xFFFF, 
  0xFFFF, 0xFFFF, 0xFFFF, 0xFFFF, 0xFFFF, 0xFFFF, 0xFFFF, 0xFFFF, 0xFFFF, 0xFFFF, 0xFFFF, 0xFFFF, 0xFFFF, 0xFFFF, 0xFFFF, 0xFFFF, 
  0xFFFF, 0xFFDF, 0xFFFF, 0x94B3, 0x0043, 0x1A6E, 0x8E7C, 0x54D8, 0x22F2, 0x22F1, 0x22D2, 0x22D2, 0x22D2, 0x22D2, 0x22F2, 0x22F2, 
  0x1AD2, 0x1AD2, 0x1AD2, 0x1AD2, 0x1AD2, 0x1AD2, 0x1AD1, 0x22F2, 0x1AD2, 0x2A8E, 0x8CD3, 0xC656, 0xC636, 0xD6D8, 0xD6B8, 0xD6B8, 
  0xD6B8, 0xD6D8, 0xD6D8, 0xC656, 0xD6D8, 0xCE97, 0xBE36, 0xCE97, 0xC676, 0xCE97, 0xC656, 0xCEB7, 0xCE97, 0xD6B8, 0xCE77, 0xD6B8, 
  0xD6B8, 0xD6B8, 0xD6D8, 0xD6B8, 0xD6B8, 0xD6D8, 0xD6D8, 0xCEB7, 0xD6B8, 0xD6D8, 0xD6D8, 0xD6D8, 0xD6D8, 0xD6D8, 0xD6D8, 0xD6D8, 
  0xD6D8, 0xD6D8, 0xD6D8, 0xD6D8, 0xD6D8, 0xD6D8, 0xD6D8, 0xD6D8, 0xD6D8, 0xD6D8, 0xD6D8, 0xD6D8, 0xD6D8, 0xD6D8, 0xD6D8, 0xD6D8, 
  0xD6D8, 0xD6D8, 0xD6D8, 0xD6D8, 0xD6D8, 0xD6B8, 0xDF19, 0xAD94, 0x5C74, 0x967D, 0x22AF, 0x0024, 0x94D3, 0xFFFF, 0xFFDF, 0xFFFF, 
  0xFFFF, 0xFFFF, 0xFFFF, 0xFFFF, 0xFFFF, 0xFFFF, 0xFFFF, 0xFFFF, 0xFFFF, 0xFFFF, 0xFFFF, 0xFFFF, 0xFFFF, 0xFFFF, 0xFFFF, 0xFFFF, 
  0xFFFF, 0xFFFF, 0xFFFF, 0xFFFF, 0xFFFF, 0xFFFF, 0xFFFF, 0xFFFF, 0xFFFF, 0xFFFF, 0xFFFF, 0xFFFF, 0xFFFF, 0xFFFF, 0xFFFF, 0xFFFF, 
  0xFFFF, 0xFFFF, 0xFFFF, 0x4209, 0x00A6, 0x43F4, 0x9EDE, 0x3BD5, 0x22F2, 0x22F2, 0x1AD2, 0x22F2, 0x22F2, 0x22F2, 0x22F2, 0x22D2, 
  0x22D2, 0x22D2, 0x22D2, 0x1AD2, 0x1AD2, 0x1AD1, 0x22D2, 0x1AB1, 0x32CF, 0xA554, 0xDEF9, 0xA553, 0xB5B4, 0xD6D8, 0xD6B8, 0xD6B8, 
  0xD6B8, 0xD6B8, 0xCE77, 0xC657, 0xCE98, 0xCE78, 0xC657, 0xCE78, 0xCE78, 0xD6B9, 0xCE78, 0xD6B9, 0xCE78, 0xD6D9, 0xCE98, 0xD6D9, 
  0xD6B9, 0xD6D9, 0xDEFA, 0xD6B9, 0xD6D9, 0xDEFA, 0xD6D9, 0xD6B9, 0xD6B9, 0xDEFA, 0xDEF9, 0xD6B9, 0xD6B8, 0xD6B8, 0xD6D8, 0xD6D8, 
  0xD6D8, 0xD6D8, 0xD6B8, 0xD6D8, 0xD6D8, 0xD6D8, 0xD6D8, 0xD6D8, 0xD6D8, 0xD6D8, 0xD6D8, 0xD6D8, 0xD6D8, 0xD6D8, 0xD6D8, 0xD6D8, 
  0xD6D8, 0xD6D8, 0xD6D8, 0xD6D8, 0xD6D8, 0xD6D8, 0xDF19, 0xB5B5, 0x5413, 0x9EBE, 0x3352, 0x0044, 0x738F, 0xFFFF, 0xFFDF, 0xFFFF, 
  0xFFFF, 0xFFFF, 0xFFFF, 0xFFFF, 0xFFFF, 0xFFFF, 0xFFFF, 0xFFFF, 0xFFFF, 0xFFFF, 0xFFFF, 0xFFFF, 0xFFFF, 0xFFFF, 0xFFFF, 0xFFFF, 
  0xFFFF, 0xFFFF, 0xFFFF, 0xFFFF, 0xFFFF, 0xFFFF, 0xFFFF, 0xFFFF, 0xFFFF, 0xFFFF, 0xFFFF, 0xFFFF, 0xFFFF, 0xFFFF, 0xFFFF, 0xFFFF, 
  0xFFDF, 0xFFFF, 0xA535, 0x0064, 0x19EC, 0x8E1B, 0x7DDB, 0x2313, 0x22F2, 0x22F2, 0x22F2, 0x22F2, 0x22F2, 0x22F2, 0x22D2, 0x22D2, 
  0x22D2, 0x22D2, 0x22D2, 0x1AD2, 0x1AD2, 0x22D2, 0x1A91, 0x5370, 0xBDF5, 0xDF19, 0xD6B8, 0xDEF8, 0xDEF8, 0xD6B8, 0xD6D8, 0xB5D5, 
  0xAD53, 0xA553, 0xC617, 0xE71B, 0xB596, 0xA554, 0xC638, 0xD6BA, 0xB5B6, 0x94D2, 0xBDF6, 0xDF1B, 0xBDF7, 0x8C71, 0xAD75, 0xDF1B, 
  0xC658, 0xB595, 0xB5B6, 0xD6BA, 0xDEFB, 0xBE17, 0xAD95, 0xD6DA, 0xDEFB, 0xAD75, 0x94B2, 0xCE79, 0xE73B, 0xCE77, 0xA553, 0x9CF1, 
  0xC656, 0xD6D8, 0xD6B8, 0xD6B8, 0xD6B8, 0xD6B8, 0xD6D8, 0xD6D8, 0xD6D8, 0xD6D8, 0xD6D8, 0xD6D8, 0xD6D8, 0xD6D8, 0xD6D8, 0xD6D8, 
  0xD6D8, 0xD6D8, 0xD6D8, 0xD6D8, 0xD6D8, 0xD6D8, 0xD6D8, 0xD6B8, 0x5BF1, 0x861B, 0x6539, 0x0129, 0x18E5, 0xE71C, 0xFFFF, 0xFFDF, 
  0xFFFF, 0xFFFF, 0xFFFF, 0xFFFF, 0xFFFF, 0xFFFF, 0xFFFF, 0xFFFF, 0xFFFF, 0xFFFF, 0xFFFF, 0xFFFF, 0xFFFF, 0xFFFF, 0xFFFF, 0xFFFF, 
  0xFFFF, 0xFFFF, 0xFFFF, 0xFFFF, 0xFFFF, 0xFFFF, 0xFFFF, 0xFFFF, 0xFFFF, 0xFFFF, 0xFFFF, 0xFFFF, 0xFFFF, 0xFFFF, 0xFFFF, 0xFFDF, 
  0xFFFF, 0xD6DB, 0x18E5, 0x0129, 0x5C76, 0x9EBE, 0x33B5, 0x22F2, 0x22F2, 0x22F1, 0x22F2, 0x22F2, 0x22F2, 0x22F2, 0x22D2, 0x22D2, 
  0x22D2, 0x22D2, 0x22D2, 0x22D1, 0x1AD2, 0x22B0, 0x7431, 0xCE97, 0xDEF9, 0xD6B8, 0xD6D8, 0xD6B8, 0xD6B8, 0xD6D8, 0xD6D8, 0xD6B8, 
  0xCE97, 0xCEB8, 0xC657, 0xC637, 0xCE78, 0xC637, 0xCE57, 0xC657, 0xCE58, 0xCE58, 0xCE78, 0xD699, 0xCE58, 0xCE98, 0xCE78, 0xD6B9, 
  0xCE98, 0xD6B9, 0xD6B9, 0xD699, 0xD6B9, 0xD6D9, 0xD6B9, 0xD6B9, 0xD6B9, 0xD6B9, 0xD6B9, 0xD6B9, 0xD6B8, 0xD6B8, 0xD6B7, 0xCEB7, 
  0xD6D8, 0xD6D8, 0xD6D8, 0xD6D8, 0xD6D8, 0xD6D8, 0xD6D8, 0xD6D8, 0xD6D8, 0xD6D8, 0xD6D8, 0xD6D8, 0xD6D8, 0xD6D8, 0xD6D8, 0xD6D8, 
  0xD6D8, 0xD6D8, 0xD6D8, 0xD6D8, 0xD6D8, 0xD6D8, 0xD6D8, 0xDEF9, 0xBE16, 0x6432, 0x967D, 0x43D4, 0x0065, 0x4249, 0xF7BE, 0xFFFF, 
  0xFFDF, 0xFFFF, 0xFFFF, 0xFFFF, 0xFFFF, 0xFFFF, 0xFFFF, 0xFFFF, 0xFFFF, 0xFFFF, 0xFFFF, 0xFFFF, 0xFFFF, 0xFFFF, 0xFFFF, 0xFFFF, 
  0xFFFF, 0xFFFF, 0xFFFF, 0xFFFF, 0xFFFF, 0xFFFF, 0xFFFF, 0xFFFF, 0xFFFF, 0xFFFF, 0xFFFF, 0xFFFF, 0xFFFF, 0xFFFF, 0xFFDF, 0xFFFF, 
  0xE71C, 0x2987, 0x00E7, 0x43D4, 0x9EBE, 0x4456, 0x1AF2, 0x22F2, 0x22D2, 0x22F2, 0x22F2, 0x22F2, 0x22D2, 0x22D2, 0x22D1, 0x22D2, 
  0x22D1, 0x22D1, 0x22D1, 0x1AD2, 0x2AAF, 0x8492, 0xDEF8, 0xD6D8, 0xD6B7, 0xD6B8, 0xD6D8, 0xD6D8, 0xD6D8, 0xD6D8, 0xD6D8, 0xD6D8, 
  0xD6D8, 0xD6D8, 0xD6B8, 0xC636, 0xD6D8, 0xC656, 0xC636, 0xC656, 0xC676, 0xCE97, 0xC676, 0xCE97, 0xCE77, 0xD6B7, 0xC676, 0xCEB7, 
  0xCE97, 0xD6B8, 0xD6D8, 0xCEB7, 0xD6B7, 0xD6D8, 0xD6D8, 0xCE97, 0xCEB7, 0xD6D8, 0xD6D8, 0xD6B7, 0xD6B7, 0xD6D8, 0xD6D8, 0xD6D8, 
  0xD6D8, 0xD6D8, 0xD6D8, 0xD6D8, 0xD6D8, 0xD6D8, 0xD6D8, 0xD6D8, 0xD6D8, 0xD6D8, 0xD6D8, 0xD6D8, 0xD6D8, 0xD6D8, 0xD6D8, 0xDEF8, 
  0xDEF9, 0xDEF8, 0xD6D8, 0xD6D8, 0xD6D8, 0xD6D8, 0xD6D8, 0xD6D8, 0xE739, 0xBE16, 0x6C74, 0x8E3C, 0x43D4, 0x0065, 0x4209, 0xE71C, 
  0xFFFF, 0xFFFF, 0xFFFF, 0xFFFF, 0xFFFF, 0xFFFF, 0xFFFF, 0xFFFF, 0xFFFF, 0xFFFF, 0xFFFF, 0xFFFF, 0xFFFF, 0xFFFF, 0xFFFF, 0xFFFF, 
  0xFFFF, 0xFFFF, 0xFFFF, 0xFFFF, 0xFFFF, 0xFFFF, 0xFFFF, 0xFFFF, 0xFFFF, 0xFFFF, 0xFFFF, 0xFFFF, 0xFFFF, 0xFFDF, 0xFFFF, 0xD67A, 
  0x2147, 0x00E8, 0x43D5, 0x967D, 0x4C97, 0x1AF3, 0x22F2, 0x22D2, 0x22F2, 0x1AF2, 0x22F2, 0x22F2, 0x22D1, 0x22D1, 0x22D1, 0x22D1, 
  0x22D1, 0x22D1, 0x1AF2, 0x2AAF, 0x8CB2, 0xDED8, 0xD6B8, 0xD6B8, 0xD6B8, 0xD6B8, 0xD6D8, 0xD6D8, 0xD6D8, 0xD6D8, 0xD6D8, 0xD6D8, 
  0xD6D8, 0xD6D8, 0xCE97, 0xC656, 0xD6D8, 0xC656, 0xC657, 0xC656, 0xCE77, 0xCE77, 0xCE77, 0xCE97, 0xCE77, 0xCEB7, 0xCE76, 0xD6B8, 
  0xCEB7, 0xD6B8, 0xD6D8, 0xD6B8, 0xD6B8, 0xD6D8, 0xD6D8, 0xD6B7, 0xD6B7, 0xD6D8, 0xD6D8, 0xD6B8, 0xD6B8, 0xD6D8, 0xD6B8, 0xD6D8, 
  0xD6D8, 0xD6D8, 0xD6D8, 0xD6D8, 0xD6D8, 0xD6D8, 0xD6D8, 0xD6D8, 0xD6D8, 0xD6D8, 0xD6D8, 0xD6D8, 0xD6D8, 0xD6D8, 0xD6D8, 0xC616, 
  0xB5D4, 0xC656, 0xDF19, 0xD6D8, 0xD6D8, 0xD6D8, 0xD6D8, 0xDEF8, 0xB5B4, 0xAD94, 0xBE16, 0x7473, 0x7DDC, 0x6CF8, 0x0149, 0x18E5, 
  0xAD55, 0xFFFF, 0xFFFF, 0xFFFF, 0xFFFF, 0xFFFF, 0xFFFF, 0xFFFF, 0xFFFF, 0xFFFF, 0xFFFF, 0xFFFF, 0xFFFF, 0xFFFF, 0xFFFF, 0xFFFF, 
  0xFFFF, 0xFFFF, 0xFFFF, 0xFFFF, 0xFFFF, 0xFFFF, 0xFFFF, 0xFFFF, 0xFFFF, 0xFFFF, 0xFFFF, 0xFFFF, 0xFFFF, 0xFFFF, 0xA535, 0x10C5, 
  0x096A, 0x64D7, 0x8E5D, 0x4436, 0x1AD2, 0x22F2, 0x1AD1, 0x1AD1, 0x1AD1, 0x22F2, 0x22D2, 0x22D1, 0x22D1, 0x22D1, 0x22D1, 0x22D1, 
  0x22D1, 0x22F2, 0x22B0, 0x7451, 0xE719, 0xD6D9, 0xD6B8, 0xD6B8, 0xD6D8, 0xD6D8, 0xD6D8, 0xD6D8, 0xD6D8, 0xD6B8, 0xD6B8, 0xD6B8, 
  0xD6B8, 0xD6B8, 0xCE97, 0xC656, 0xD6D8, 0xC656, 0xC657, 0xC656, 0xCE77, 0xCE77, 0xCE77, 0xCE97, 0xCE77, 0xD6B7, 0xCE76, 0xD6B7, 
  0xCE97, 0xD6B8, 0xD6D8, 0xD6B7, 0xD6B7, 0xD6D8, 0xD6D8, 0xCEB7, 0xCEB7, 0xD6D8, 0xD6D8, 0xD6D8, 0xD6B8, 0xD6D8, 0xD6D8, 0xD6D8, 
  0xD6D8, 0xD6D8, 0xD6D8, 0xD6D8, 0xD6D8, 0xD6D8, 0xD6D8, 0xD6D8, 0xD6D8, 0xD6D8, 0xD6D8, 0xD6D8, 0xD6D8, 0xD6D8, 0xD6D8, 0xB5B4, 
  0x9D12, 0xBDF5, 0xBDF5, 0xCE97, 0xDEF8, 0xD6D8, 0xD6D8, 0xD6D8, 0xCE77, 0xC657, 0xDEF9, 0xCE98, 0x7C92, 0x7538, 0x861D, 0x32F0, 
  0x0044, 0x5AEC, 0xEF5D, 0xFFFF, 0xFFFF, 0xFFFF, 0xFFFF, 0xFFFF, 0xFFFF, 0xFFFF, 0xFFFF, 0xFFFF, 0xFFFF, 0xFFFF, 0xFFFF, 0xFFFF, 
  0xFFFF, 0xFFFF, 0xFFFF, 0xFFFF, 0xFFFF, 0xFFFF, 0xFFFF, 0xFFFF, 0xFFFF, 0xFFFF, 0xFFDF, 0xFFFF, 0xF79E, 0x6B4E, 0x0065, 0x228F, 
  0x7DBB, 0x863D, 0x33D4, 0x1AF2, 0x22F2, 0x22F1, 0x22D2, 0x22D1, 0x22D1, 0x22D2, 0x22D1, 0x22D1, 0x22D1, 0x22D1, 0x22D1, 0x22D1, 
  0x22D1, 0x22B2, 0x4B4F, 0xC657, 0xB594, 0xB5B4, 0xD6D8, 0xD6B8, 0xD6B8, 0xD6D8, 0xD6B8, 0xD6B8, 0xD6B8, 0xD6B8, 0xD6B8, 0xD6D8, 
  0xD6F8, 0xDEF8, 0xCE97, 0xC635, 0xD6F8, 0xC656, 0xC677, 0xC656, 0xCE77, 0xCE77, 0xCE77, 0xCE97, 0xCE77, 0xCEB7, 0xC676, 0xD6B8, 
  0xD6B8, 0xD6B8, 0xD6D8, 0xD6B8, 0xD6B8, 0xD6D8, 0xD6D8, 0xD6B7, 0xCEB7, 0xD6D8, 0xD6F9, 0xD6D8, 0xD6B8, 0xD6D8, 0xD6D8, 0xD6D8, 
  0xD6D8, 0xD6D8, 0xD6D8, 0xD6D8, 0xD6D8, 0xD6D8, 0xD6D8, 0xD6D8, 0xD6D8, 0xD6D8, 0xD6D8, 0xD6D8, 0xD6D8, 0xD6D8, 0xD6D8, 0xD6D8, 
  0xD6B7, 0xCE76, 0xA531, 0x9D11, 0xC615, 0xD6D8, 0xD6D8, 0xD6D8, 0xD6D8, 0xD6B7, 0xCE97, 0xD6B8, 0xD6D8, 0x94F2, 0x6475, 0x863D, 
  0x6CD8, 0x0108, 0x1906, 0xB576, 0xFFFF, 0xFFFF, 0xFFFF, 0xFFFF, 0xFFFF, 0xFFFF, 0xFFFF, 0xFFFF, 0xFFFF, 0xFFFF, 0xFFFF, 0xFFFF, 
  0xFFFF, 0xFFFF, 0xFFFF, 0xFFFF, 0xFFFF, 0xFFFF, 0xFFFF, 0xFFFF, 0xFFFF, 0xFFFF, 0xFFFF, 0xC638, 0x2988, 0x00A7, 0x4C15, 0x967D, 
  0x5D3A, 0x2353, 0x1AD2, 0x22D1, 0x22D1, 0x22F2, 0x22D1, 0x22D1, 0x22D1, 0x22D2, 0x22D1, 0x22D1, 0x22D1, 0x22D1, 0x1AD1, 0x22D1, 
  0x1AF2, 0x2290, 0x84B2, 0xD6F8, 0xB5B4, 0xBE15, 0xD6D8, 0xD6B8, 0xD6B8, 0xD6B8, 0xD6B8, 0xD6B8, 0xD6B8, 0xD6B8, 0xD6D8, 0xC656, 
  0xB5D5, 0xBE15, 0xC657, 0xCE77, 0xCE78, 0xBE17, 0xCE78, 0xCE58, 0xD6B9, 0xCE78, 0xCE98, 0xCE98, 0xCE98, 0xDED9, 0xCE78, 0xD6B8, 
  0xCE98, 0xD6D9, 0xDEF9, 0xCE98, 0xD6B8, 0xDEF9, 0xDEF9, 0xD6B8, 0xCEB7, 0xD6F8, 0xD6F9, 0xD6D8, 0xD6D8, 0xD6D8, 0xD6D8, 0xD6D8, 
  0xD6D8, 0xD6F8, 0xD6F8, 0xD6F8, 0xD6F8, 0xD6F8, 0xD6F8, 0xD6D8, 0xDEF8, 0xD6D8, 0xD6D8, 0xD6D8, 0xD6D8, 0xD6D8, 0xD6D8, 0xD6B8, 
  0xCE77, 0xC636, 0xC636, 0xBE15, 0xC615, 0xD6B8, 0xCE77, 0xAD52, 0xAD93, 0xC656, 0xCE97, 0xD6B8, 0xD6B8, 0xDF19, 0xBDF5, 0x6433, 
  0x759A, 0x861C, 0x226E, 0x0044, 0x736E, 0xF7BE, 0xFFFF, 0xFFFF, 0xFFFF, 0xFFFF, 0xFFFF, 0xFFFF, 0xFFFF, 0xFFFF, 0xFFFF, 0xFFFF, 
  0xFFFF, 0xFFFF, 0xFFFF, 0xFFFF, 0xFFFF, 0xFFFF, 0xFFFF, 0xFFFF, 0xFFFF, 0xFFFF, 0x8431, 0x0064, 0x11CC, 0x7D7A, 0x969E, 0x4457, 
  0x1AF2, 0x1AF2, 0x22D1, 0x22D1, 0x22D1, 0x22D1, 0x22D2, 0x22D1, 0x22D1, 0x22F2, 0x22D1, 0x22D1, 0x22D1, 0x1AD1, 0x1AD1, 0x22D1, 
  0x1AD2, 0x228E, 0x9D34, 0xDEF8, 0xD6D8, 0xD6D8, 0xD6B8, 0xD6B8, 0xD6B8, 0xD6B8, 0xD6B8, 0xD6B8, 0xD6B8, 0xD6B8, 0xD6D8, 0xC657, 
  0xB5D5, 0xB594, 0xC636, 0xDEDA, 0xB595, 0xA513, 0xBDF7, 0xD6B9, 0xC637, 0xAD75, 0xC617, 0xDEDA, 0xC638, 0xAD75, 0xC617, 0xDEDA, 
  0xCE79, 0xCE78, 0xCE78, 0xD6B9, 0xD6BA, 0xCE78, 0xC658, 0xD6DA, 0xD6DA, 0xD6DA, 0xDEFA, 0xDEF9, 0xD6D8, 0xD6D8, 0xDEF8, 0xD6D8, 
  0xD6B7, 0xCE97, 0xD6B8, 0xD6B8, 0xD6B8, 0xDEF9, 0xD6B8, 0xD6D8, 0xD6B8, 0xD6D8, 0xD6D8, 0xD6D8, 0xD6D8, 0xD6D8, 0xD6D8, 0xD6D8, 
  0xCEB7, 0xD6B7, 0xD6B7, 0xD6B8, 0xD6D8, 0xD6D8, 0xD6B8, 0xC635, 0xA532, 0xC656, 0xBDF5, 0xB5D4, 0xCE77, 0xD6D8, 0xDEF9, 0xD6B8, 
  0x7C92, 0x5C96, 0x865D, 0x43D3, 0x0065, 0x39C8, 0xD6BA, 0xFFFF, 0xFFDF, 0xFFFF, 0xFFFF, 0xFFFF, 0xFFFF, 0xFFFF, 0xFFFF, 0xFFFF, 
  0xFFFF, 0xFFFF, 0xFFFF, 0xFFFF, 0xFFFF, 0xFFFF, 0xFFDF, 0xFFFF, 0xDEFB, 0x424A, 0x0044, 0x3331, 0x967D, 0x85FC, 0x2BD5, 0x1AF2, 
  0x22F2, 0x1AF2, 0x22D1, 0x22D1, 0x22D2, 0x22D1, 0x22F1, 0x22D1, 0x22D1, 0x22D1, 0x22D1, 0x22D1, 0x22D1, 0x22D1, 0x22D1, 0x22D2, 
  0x22F1, 0x226F, 0x84B2, 0xDEF8, 0xCE97, 0xD6B8, 0xD6B8, 0xD6B8, 0xD6B8, 0xD6B8, 0xD6B8, 0xD6B8, 0xD6B8, 0xD6B8, 0xD6B8, 0xD6D8, 
  0xDEF8, 0xDEF8, 0xC656, 0xC636, 0xD6D9, 0xC637, 0xCE98, 0xC657, 0xCE98, 0xC657, 0xCE98, 0xD6B9, 0xCE58, 0xC637, 0xCE58, 0xD6DA, 
  0xCE78, 0xCE58, 0xCE58, 0xDEDA, 0xD6BA, 0xA554, 0xA534, 0xDF1B, 0xD6DA, 0x9CF3, 0xA534, 0xD6BA, 0xE71B, 0xBE16, 0xA553, 0x9CF1, 
  0xB5B4, 0xC616, 0xCE77, 0xD6B8, 0xD6B8, 0xDED9, 0xD6B9, 0xD6B9, 0xCE78, 0xCE77, 0xCE76, 0xCE97, 0xD6B8, 0xD6D8, 0xD6D8, 0xD6D8, 
  0xD6D8, 0xD6D8, 0xD6D8, 0xD6D8, 0xD6D8, 0xD6D8, 0xD6D8, 0xDEF9, 0xDF19, 0xD6B8, 0xAD93, 0xA533, 0xCE57, 0xD6F8, 0xD6B8, 0xD6D8, 
  0xDF19, 0xAD95, 0x5C53, 0x861C, 0x64D8, 0x00E8, 0x10C5, 0xB596, 0xFFFF, 0xFFDF, 0xFFFF, 0xFFFF, 0xFFFF, 0xFFFF, 0xFFFF, 0xFFFF, 
  0xFFFF, 0xFFFF, 0xFFFF, 0xFFFF, 0xFFFF, 0xFFFF, 0xFFFF, 0xB596, 0x18E5, 0x00C7, 0x5496, 0xA6BE, 0x5D39, 0x2374, 0x2313, 0x22F2, 
  0x22F2, 0x22D2, 0x22D2, 0x22D1, 0x22D1, 0x22D1, 0x22D1, 0x22D1, 0x22D1, 0x22D1, 0x22D1, 0x22D1, 0x22D1, 0x22D1, 0x22D1, 0x22D1, 
  0x22D1, 0x22B1, 0x432E, 0xCE76, 0xD6F8, 0xCEB7, 0xD6B8, 0xD6B8, 0xD6B8, 0xD6B8, 0xD6B8, 0xD6B8, 0xD6B8, 0xD6B8, 0xD6B8, 0xD6B8, 
  0xD6B7, 0xD6B8, 0xC676, 0xC656, 0xD6D8, 0xBE15, 0xC677, 0xBE15, 0xCE97, 0xC656, 0xCE77, 0xC676, 0xC676, 0xD6B8, 0xC677, 0xCE97, 
  0xCE97, 0xD6D8, 0xD6D9, 0xCE97, 0xCE98, 0xDEFA, 0xDEFA, 0xCE98, 0xCE98, 0xD6B9, 0xD6D9, 0xD6B9, 0xCE98, 0xCE77, 0xBDF5, 0xAD73, 
  0xAD93, 0xB594, 0xCE77, 0xD698, 0xD698, 0xD6B9, 0xD698, 0xD698, 0xD678, 0xC616, 0xC636, 0xC636, 0xCE97, 0xD6D8, 0xD6D8, 0xD6D8, 
  0xD6D8, 0xD6D8, 0xD6D8, 0xD6D8, 0xD6D8, 0xD6D8, 0xD6F8, 0xDEF8, 0xD6D8, 0xDED8, 0xDF19, 0xDF19, 0xD6D8, 0xD6D8, 0xD6D8, 0xD6D8, 
  0xCE97, 0xC656, 0xBE16, 0x6C52, 0x85DA, 0x7DBB, 0x11AB, 0x0043, 0x94B3, 0xFFFF, 0xFFFF, 0xFFFF, 0xFFFF, 0xFFFF, 0xFFFF, 0xFFFF, 
  0xFFFF, 0xFFFF, 0xFFFF, 0xFFFF, 0xFFFF, 0xFFFF, 0x8410, 0x0043, 0x098B, 0x6D39, 0xAEFE, 0x4C98, 0x2333, 0x2312, 0x22F2, 0x22F2, 
  0x22F2, 0x22F2, 0x22F2, 0x22D2, 0x22D2, 0x22D1, 0x22D1, 0x22D1, 0x22D1, 0x22D1, 0x22D1, 0x22D1, 0x22D1, 0x22D1, 0x22D1, 0x22D1, 
  0x22D1, 0x22D1, 0x2290, 0x5B90, 0xCE76, 0xDF18, 0xD6D8, 0xCEB7, 0xCEB7, 0xCEB7, 0xD6B7, 0xD6B8, 0xD6B8, 0xD6B8, 0xD6B8, 0xD6B8, 
  0xD6B8, 0xDEF8, 0xD6B7, 0xCEB7, 0xDF19, 0xC635, 0xD6D8, 0xCE76, 0xDEF8, 0xCE97, 0xD6D8, 0xD6D8, 0xD6D7, 0xDEF8, 0xCE97, 0xDF19, 
  0xDEF8, 0xDEF8, 0xDF18, 0xDEF8, 0xDEF8, 0xDF18, 0xDF19, 0xDEF8, 0xD6D8, 0xDF19, 0xDF19, 0xDF19, 0xDEF8, 0xDF19, 0xD6F8, 0xCE97, 
  0xC656, 0xC636, 0xBDF5, 0xBE16, 0xCE77, 0xCE77, 0xCE78, 0xC657, 0xCE77, 0xCE77, 0xCE97, 0xCE97, 0xD6D8, 0xD6D8, 0xD6B8, 0xCE97, 
  0xCE97, 0xCE77, 0xCE98, 0xCE77, 0xD6B8, 0xCE98, 0xD6B8, 0xCE98, 0xD698, 0xD6B8, 0xD6B8, 0xD6B8, 0xD6D8, 0xD6D8, 0xD6D8, 0xD6D8, 
  0xC656, 0x9D12, 0xCE97, 0xD6B8, 0x7C92, 0x7D99, 0x863C, 0x1A2D, 0x0023, 0x8410, 0xFFFF, 0xFFFF, 0xFFFF, 0xFFFF, 0xFFFF, 0xFFFF, 
  0xFFFF, 0xFFFF, 0xFFFF, 0xFFFF, 0xFFFF, 0x632D, 0x0023, 0x11EC, 0x757A, 0xAEFF, 0x4436, 0x1B33, 0x2312, 0x2312, 0x2312, 0x22F2, 
  0x22F2, 0x22F2, 0x22F2, 0x22F1, 0x22F1, 0x22D1, 0x22D1, 0x22D1, 0x22D1, 0x22D1, 0x22D1, 0x1AD1, 0x1AB1, 0x22B1, 0x22B1, 0x22D1, 
  0x22D1, 0x22D1, 0x1AD1, 0x1A90, 0x3B0F, 0x8CF3, 0xCE77, 0xDEF8, 0xDEF8, 0xD6D8, 0xD6B8, 0xCE97, 0xCE77, 0xCEB7, 0xCE97, 0xCE97, 
  0xCEB8, 0xADB5, 0x8CD2, 0x8CD3, 0x9514, 0x94F3, 0x8CD3, 0x8491, 0x8CD2, 0x9513, 0x8CF3, 0x84B2, 0x84B2, 0x94F3, 0x8CF3, 0x8CD3, 
  0x8CD3, 0x9D34, 0x9534, 0x8CD3, 0x84D3, 0x9D55, 0x9514, 0x8CD3, 0x84D3, 0x8CF4, 0x9D55, 0x8D14, 0x8D14, 0x9534, 0xBE16, 0xD6D8, 
  0xCE97, 0xCE97, 0xD6B8, 0xCEB7, 0xCEB7, 0xCEB7, 0xCEB8, 0xD6B8, 0xD6B8, 0xD6B8, 0xD6B8, 0xD6B8, 0xD6D8, 0xCEB7, 0xBE35, 0xB593, 
  0xB5B5, 0xC637, 0xDEFA, 0xD6B8, 0xD698, 0xD698, 0xD6B9, 0xD6D9, 0xC637, 0xC636, 0xC656, 0xCE77, 0xD6B8, 0xD6D8, 0xD6D8, 0xD6D8, 
  0xD6D8, 0xDF19, 0xD6D8, 0xD6D8, 0xDEF8, 0x84D2, 0x7D58, 0x8E5D, 0x224E, 0x0003, 0x7BD0, 0xFFFF, 0xFFDF, 0xFFFF, 0xFFFF, 0xFFFF, 
  0xFFFF, 0xFFFF, 0xFFFF, 0xFFFF, 0x5AEC, 0x0023, 0x1A2D, 0x64F8, 0xB6FF, 0x4415, 0x1B13, 0x2312, 0x22F2, 0x22F2, 0x22F2, 0x22F2, 
  0x22F2, 0x2312, 0x2312, 0x22F1, 0x22F1, 0x22F1, 0x22D1, 0x22F1, 0x22D1, 0x22D1, 0x22D1, 0x22B1, 0x22B1, 0x22B1, 0x22B1, 0x22D1, 
  0x22B1, 0x22B1, 0x22B1, 0x22D1, 0x1AB1, 0x1A70, 0x3310, 0x6C32, 0x9534, 0xB615, 0xCE97, 0xB593, 0xA511, 0xDED8, 0xDEF8, 0xE739, 
  0xBDF5, 0x4AAB, 0x3A08, 0x4A6A, 0x634D, 0x7BEF, 0x31E7, 0x29A7, 0x52CB, 0x7BEF, 0x4249, 0x2146, 0x52AB, 0x73AE, 0x634D, 0x2986, 
  0x31E8, 0x73CF, 0x73AE, 0x2986, 0x2125, 0x6B6E, 0x73EF, 0x4AAB, 0x2146, 0x4A6A, 0x8451, 0x73AF, 0x52EC, 0x530D, 0x7C0F, 0xDF19, 
  0xB5B4, 0xAD53, 0xDEF8, 0xDF18, 0xDF18, 0xDF18, 0xDF18, 0xDF18, 0xDF18, 0xDF18, 0xDF18, 0xDF18, 0xDF19, 0xD6D8, 0xC656, 0xB5D4, 
  0xA553, 0xAD94, 0xC637, 0xCE78, 0xD698, 0xD698, 0xCE98, 0xD6B9, 0xC636, 0xC636, 0xC636, 0xCE76, 0xD6B8, 0xD6D8, 0xD6D8, 0xD6D8, 
  0xD6D8, 0xD6D8, 0xD6D8, 0xD6D8, 0xD6D8, 0xDEF9, 0x8CF2, 0x7D38, 0x863D, 0x1A2D, 0x0003, 0x8410, 0xFFFF, 0xFFDF, 0xFFFF, 0xFFFF, 
  0xFFFF, 0xFFFF, 0xFFFF, 0x7BD0, 0x0002, 0x19EC, 0x4C15, 0x963D, 0x4C36, 0x1AF2, 0x22F2, 0x22F2, 0x22F2, 0x22F2, 0x22F2, 0x2312, 
  0x22F2, 0x22F2, 0x2312, 0x22F2, 0x22F1, 0x22F2, 0x22F2, 0x22F1, 0x22F1, 0x22F1, 0x22D1, 0x22D1, 0x22B1, 0x22B1, 0x22B1, 0x22B1, 
  0x22B1, 0x22B1, 0x22B1, 0x1AB1, 0x22D1, 0x22D1, 0x1AB1, 0x1270, 0x1270, 0x22B0, 0x3B11, 0x4B91, 0x5BF2, 0x6C52, 0x7493, 0x7CD4, 
  0x6BF0, 0x5B0C, 0x73AE, 0x5AEB, 0x4A48, 0x6B6D, 0x5289, 0x630C, 0x5ACA, 0x5ACA, 0x630B, 0x5AEB, 0x6B4C, 0x52A9, 0x6B4C, 0x632C, 
  0x5ACA, 0x5AEB, 0x5ACA, 0x5AEB, 0x630B, 0x738D, 0x4A68, 0x6B4C, 0x6B6C, 0x6B4C, 0x52AA, 0x630B, 0x7BEF, 0x6B8E, 0x73F0, 0x84B3, 
  0x7CD3, 0x7C93, 0x7493, 0x7C93, 0x7493, 0x7493, 0x7493, 0x7CB3, 0x84D3, 0x8CF4, 0x9534, 0x9D74, 0xADD5, 0xBE16, 0xC656, 0xCE97, 
  0xD6B7, 0xCE96, 0xC635, 0xCE57, 0xCE98, 0xCE77, 0xCE57, 0xCE77, 0xCE97, 0xCE97, 0xD6B8, 0xD6B8, 0xD6D8, 0xD6D8, 0xD6D8, 0xD6D8, 
  0xD6D8, 0xDED8, 0xD6D8, 0xD6D8, 0xD6D8, 0xD6D8, 0xE719, 0x8CF2, 0x8598, 0x861C, 0x11EC, 0x0023, 0x94B3, 0xFFFF, 0xFFFF, 0xFFFF, 
  0xFFFF, 0xFFFF, 0xC618, 0x0022, 0x1148, 0x2B11, 0x4CB8, 0x3BF5, 0x1AF2, 0x22F2, 0x22F2, 0x22F2, 0x22F2, 0x22F2, 0x22F2, 0x22F2, 
  0x2312, 0x2312, 0x2312, 0x2312, 0x22F2, 0x2312, 0x22F2, 0x22F2, 0x22F1, 0x22F1, 0x22D1, 0x22D1, 0x22B1, 0x22B1, 0x22B1, 0x22B1, 
  0x22B1, 0x22B1, 0x22B1, 0x22B1, 0x22B1, 0x22B1, 0x22B1, 0x22B1, 0x22D1, 0x1AB1, 0x1A91, 0x1290, 0x1290, 0x1270, 0x1270, 0x1271, 
  0x11CC, 0x7C52, 0x8C71, 0x6B6D, 0x6B4D, 0x6B4D, 0x6B4C, 0x73AE, 0x738E, 0x5ACA, 0x62EB, 0x738D, 0x6B6D, 0x52AA, 0x528A, 0x7BCF, 
  0x7BEF, 0x632C, 0x39E6, 0x7BEF, 0x8430, 0x6B6D, 0x39C6, 0x6B4C, 0x8C71, 0x6B6D, 0x5289, 0x5AEA, 0x8410, 0x634D, 0x52EC, 0x5B2E, 
  0x636F, 0x63D2, 0x22B0, 0x1270, 0x1A91, 0x1291, 0x1291, 0x1291, 0x1291, 0x1AB1, 0x1AB1, 0x1AB1, 0x22B1, 0x2AD1, 0x3331, 0x4391, 
  0x63F2, 0x84B3, 0xA575, 0xBE36, 0xD6B7, 0xDEF8, 0xDF19, 0xDEF9, 0xD6D8, 0xD6D8, 0xD6B8, 0xCE97, 0xC656, 0xC656, 0xC656, 0xD698, 
  0xD698, 0xDEDA, 0xD6D9, 0xD6B8, 0xCE78, 0xCE77, 0xCE97, 0xDED8, 0x7C72, 0x8E1B, 0x757A, 0x098A, 0x0843, 0xBDD7, 0xFFFF, 0xFFFF, 
  0xFFFF, 0xFFFF, 0x528B, 0x0043, 0x19EC, 0x2B73, 0x2B94, 0x22F2, 0x22F1, 0x1AD1, 0x22F1, 0x22D1, 0x22F1, 0x22F2, 0x22F2, 0x22F1, 
  0x22F2, 0x2312, 0x2312, 0x2312, 0x22F2, 0x22F1, 0x22F1, 0x22F2, 0x22F2, 0x22F2, 0x22D1, 0x22D1, 0x22B1, 0x22B1, 0x22B1, 0x22B1, 
  0x22B1, 0x22B1, 0x22B1, 0x22B1, 0x22B1, 0x22B1, 0x22B1, 0x22B1, 0x22B1, 0x22B1, 0x22B1, 0x22B1, 0x22B1, 0x22B1, 0x22B1, 0x22D1, 
  0x1A2D, 0x5B6E, 0x7BCF, 0x6B4C, 0x5AEB, 0x5AEB, 0x5289, 0x52CA, 0x4A68, 0x5ACA, 0x4207, 0x4A69, 0x4207, 0x5289, 0x4A48, 0x4A48, 
  0x5269, 0x4A69, 0x4228, 0x4A49, 0x5269, 0x4228, 0x4A48, 0x4207, 0x4A69, 0x39E7, 0x52AA, 0x4207, 0x52AA, 0x2965, 0x10A2, 0x5B0C, 
  0x73AE, 0x8C93, 0x3B31, 0x1AB1, 0x22F2, 0x22D2, 0x22F2, 0x22F2, 0x22F2, 0x22F2, 0x22F2, 0x22F2, 0x22F2, 0x1AF2, 0x1AD2, 0x1AD2, 
  0x1AD2, 0x1AB1, 0x1AB1, 0x2AF1, 0x4371, 0x6412, 0x9513, 0xBE16, 0xD6B7, 0xDF19, 0xDEF8, 0xC656, 0xA553, 0xA533, 0xBDD6, 0xDEFA, 
  0xDED9, 0xD698, 0xD698, 0xD698, 0xDEDA, 0xC636, 0xBDF5, 0xC636, 0xBE16, 0x6431, 0xA6DE, 0x5476, 0x00E7, 0x2125, 0xEF3D, 0xFFFF, 
  0xFFFF, 0xE73C, 0x10C4, 0x08C6, 0x1A0C, 0x22F1, 0x22F2, 0x22B0, 0x22B0, 0x1AB0, 0x1AB0, 0x22D0, 0x22D1, 0x22D1, 0x22D1, 0x22D1, 
  0x22F1, 0x22F1, 0x22F1, 0x22F1, 0x22F1, 0x22F1, 0x22F1, 0x22F2, 0x22F2, 0x22D1, 0x22D1, 0x22B1, 0x22B1, 0x22D1, 0x22B1, 0x22B1, 
  0x22B1, 0x1AB1, 0x1AB1, 0x1AB1, 0x1AB1, 0x1AB1, 0x22B1, 0x1A90, 0x1AB1, 0x1AB1, 0x1AB1, 0x1AB1, 0x1AB1, 0x1AB1, 0x1AB1, 0x1A70, 
  0x1A2D, 0x324A, 0x4249, 0x31C7, 0x4228, 0x5AEB, 0x2125, 0x18E4, 0x3186, 0x632C, 0x39E7, 0x2104, 0x2945, 0x5AEA, 0x5269, 0x2104, 
  0x18E4, 0x4228, 0x5AEB, 0x2965, 0x1904, 0x39C7, 0x630C, 0x31A6, 0x2104, 0x39C7, 0x6B4C, 0x4249, 0x2966, 0x4A6A, 0x52EC, 0x426A, 
  0x52CC, 0x63B1, 0x32F0, 0x1AB1, 0x22D2, 0x22D2, 0x22D1, 0x22D1, 0x1AB1, 0x1AD2, 0x22D1, 0x22F2, 0x22F2, 0x22F2, 0x22F2, 0x2312, 
  0x2312, 0x2312, 0x22F2, 0x22F2, 0x1AF2, 0x1AD2, 0x1AB1, 0x2AF1, 0x4B71, 0x7452, 0xA554, 0xBE15, 0xC635, 0xBDD4, 0xAD94, 0xB5B5, 
  0xC637, 0xCE58, 0xCE78, 0xC657, 0xC616, 0xB5B4, 0xBE15, 0xBE36, 0xD6B7, 0x9512, 0x6CF7, 0x9EDF, 0x22D1, 0x0023, 0x73AF, 0xFFFF, 
  0xFFFF, 0xC638, 0x0042, 0x08E7, 0x11CC, 0x1A6F, 0x1A90, 0x1A70, 0x1A8F, 0x1A90, 0x2290, 0x1A90, 0x22B0, 0x22B0, 0x22B0, 0x22B0, 
  0x22D0, 0x22D1, 0x22D1, 0x22D1, 0x22D1, 0x22D1, 0x22D1, 0x22D1, 0x22D1, 0x22D1, 0x22B1, 0x22B1, 0x22D1, 0x22B1, 0x22B1, 0x22B1, 
  0x22B1, 0x1AB1, 0x1A90, 0x1A90, 0x1AB1, 0x1AB1, 0x1AB1, 0x1A90, 0x1AB0, 0x1AB0, 0x22B1, 0x1AB1, 0x1AB1, 0x1AB1, 0x1A91, 0x1A90, 
  0x1A90, 0x1A6F, 0x1A6F, 0x1A4E, 0x224E, 0x2A8E, 0x226E, 0x1A4E, 0x226E, 0x226E, 0x226E, 0x1A4E, 0x224E, 0x224D, 0x226E, 0x224E, 
  0x224E, 0x226E, 0x226E, 0x224E, 0x1A4E, 0x226F, 0x2A6F, 0x226E, 0x224E, 0x224E, 0x2A8E, 0x226F, 0x226F, 0x2AD0, 0x2AD1, 0x2290, 
  0x22B0, 0x22B1, 0x22B1, 0x22D1, 0x22D1, 0x22D2, 0x22D2, 0x22D1, 0x4372, 0x5350, 0x5B4E, 0x530D, 0x52EC, 0x4ACC, 0x42CD, 0x42EE, 
  0x3AEF, 0x32F0, 0x2B12, 0x2B12, 0x2313, 0x2313, 0x2313, 0x22F2, 0x1AD2, 0x1AB1, 0x22B1, 0x3310, 0x5BD1, 0x84D3, 0xAD94, 0xC615, 
  0xCE97, 0xD6B7, 0xD6B8, 0xD6B8, 0xC615, 0x9CF1, 0xCE77, 0xDEF8, 0xDEF8, 0x8CF2, 0x43D4, 0xA6FF, 0x5497, 0x00E7, 0x2966, 0xF79E, 
  0xFFFF, 0xC618, 0x0022, 0x08E6, 0x118A, 0x1A0D, 0x1A2E, 0x1A2E, 0x1A4E, 0x1A4E, 0x1A6F, 0x1A6F, 0x1A90, 0x1A90, 0x1A90, 0x2290, 
  0x22B0, 0x22B0, 0x22B0, 0x22B0, 0x22D0, 0x22D0, 0x22B1, 0x22D1, 0x22B0, 0x1AB0, 0x22B0, 0x22B0, 0x22B0, 0x22D1, 0x22D1, 0x22B1, 
  0x22B0, 0x1AB0, 0x22B0, 0x1AB0, 0x1AB0, 0x1A90, 0x1A90, 0x1AB0, 0x1AB0, 0x1AB0, 0x1AB1, 0x1AB1, 0x1A90, 0x1A90, 0x1A90, 0x1AB1, 
  0x1AB1, 0x22B1, 0x1AB1, 0x22B1, 0x1AB1, 0x1AB1, 0x1AB1, 0x1AB1, 0x1AB1, 0x1AB1, 0x1AB1, 0x1AB1, 0x1AB1, 0x1AB1, 0x1AB1, 0x1AB1, 
  0x1AB1, 0x1AD1, 0x1AD1, 0x1AB1, 0x1AD1, 0x1AB1, 0x1AB1, 0x1AB1, 0x22B1, 0x22B2, 0x1AB2, 0x22B2, 0x22B1, 0x1AB1, 0x1AB1, 0x22D1, 
  0x1AB1, 0x22B1, 0x22B1, 0x22B1, 0x22D1, 0x22D2, 0x22B1, 0x4B2F, 0x8C50, 0x6B2C, 0x738D, 0x632B, 0x52AA, 0x5289, 0x5289, 0x5289, 
  0x52AA, 0x5AAB, 0x4A8A, 0x428B, 0x42AC, 0x430F, 0x3B32, 0x2B12, 0x2312, 0x2313, 0x22F3, 0x1AF2, 0x1AD1, 0x1AB1, 0x2AF1, 0x4371, 
  0x6C52, 0x8D14, 0xA595, 0xB5D5, 0xB5F6, 0xADD5, 0xA575, 0x84F4, 0x5C12, 0x2B32, 0x33F6, 0x9E9E, 0x6518, 0x0129, 0x10C4, 0xD6DA, 
  0xFFFF, 0xDEFB, 0x0883, 0x08A5, 0x1149, 0x19CB, 0x19EC, 0x19ED, 0x1A0D, 0x1A2D, 0x1A2E, 0x1A4E, 0x1A4E, 0x1A4E, 0x1A6F, 0x1A6F, 
  0x1A6F, 0x1A8F, 0x1A90, 0x1A90, 0x2290, 0x2290, 0x2290, 0x1A90, 0x1A90, 0x22B0, 0x22B0, 0x22B0, 0x22B0, 0x22B0, 0x22B0, 0x1AB0, 
  0x1A90, 0x2290, 0x2290, 0x1A90, 0x1A90, 0x1A90, 0x1A90, 0x1A90, 0x1A90, 0x1A90, 0x1A90, 0x1A90, 0x1A90, 0x1A90, 0x1A90, 0x1A90, 
  0x1A90, 0x1A90, 0x1AB0, 0x1A90, 0x1A90, 0x22B1, 0x22B1, 0x22B1, 0x1AB0, 0x22B0, 0x1AB0, 0x1A90, 0x1AB1, 0x1AB0, 0x1AB1, 0x1AB1, 
  0x1AB1, 0x22B1, 0x22B1, 0x1AB1, 0x1AB1, 0x1AB1, 0x22B1, 0x22B1, 0x1AB1, 0x22B1, 0x22B1, 0x22B1, 0x22B1, 0x22B1, 0x22B1, 0x1AB1, 
  0x22B1, 0x22B1, 0x1AB1, 0x1AB1, 0x22B1, 0x22D1, 0x22B1, 0x3AEF, 0x52CB, 0x528A, 0x4A69, 0x4A69, 0x52AA, 0x528A, 0x5AEB, 0x73CF, 
  0x7C0F, 0x738D, 0x738D, 0x4206, 0x39A5, 0x3185, 0x39C7, 0x4A8A, 0x42CD, 0x3ACF, 0x2AF1, 0x2312, 0x2313, 0x2312, 0x2312, 0x1AF2, 
  0x1AD2, 0x1AD2, 0x22D2, 0x22F2, 0x22F2, 0x22F2, 0x22F2, 0x1AF2, 0x2313, 0x2354, 0x3C16, 0xA6DE, 0x5497, 0x00E7, 0x2125, 0xEF5D, 
  0xFFFF, 0xFFFF, 0x4A6A, 0x0002, 0x1107, 0x1169, 0x11AB, 0x11AC, 0x11CC, 0x11CC, 0x19ED, 0x19ED, 0x1A0D, 0x1A2D, 0x1A2E, 0x1A4E, 
  0x1A4E, 0x1A4E, 0x1A6F, 0x1A6F, 0x1A6F, 0x1A6F, 0x1A6F, 0x1A6F, 0x1A8F, 0x1A90, 0x2290, 0x22B0, 0x2290, 0x2290, 0x1A8F, 0x1A8F, 
  0x1A90, 0x1A90, 0x1A90, 0x1A90, 0x1A90, 0x1A90, 0x1A90, 0x1A90, 0x1A90, 0x1A90, 0x1A90, 0x1A90, 0x1A90, 0x1A90, 0x1A90, 0x1A90, 
  0x1A90, 0x1A90, 0x1A90, 0x1A90, 0x1A90, 0x1AB0, 0x1A90, 0x1AB0, 0x22B0, 0x22B0, 0x1AB0, 0x1AB1, 0x1AB1, 0x1AB0, 0x1AB1, 0x1AB1, 
  0x1AB1, 0x22B1, 0x22B1, 0x22B1, 0x22B1, 0x1AB1, 0x1AB1, 0x22B1, 0x22B1, 0x1AB1, 0x1AB1, 0x1AB1, 0x1AB1, 0x1AB1, 0x1AB1, 0x1AB1, 
  0x1AB1, 0x22B1, 0x1AB1, 0x22B1, 0x1AB1, 0x22B1, 0x1AB1, 0x1AB1, 0x22B1, 0x32AE, 0x3A4B, 0x4229, 0x4207, 0x630B, 0x94B2, 0x62EB, 
  0x5289, 0x6B4C, 0x840F, 0x4A48, 0x5289, 0x62EA, 0x736C, 0x630B, 0x6B4C, 0x7B8C, 0x632C, 0x4ACC, 0x3ACE, 0x3311, 0x2313, 0x1B13, 
  0x2312, 0x2312, 0x2313, 0x2312, 0x2313, 0x2312, 0x2333, 0x2333, 0x2B53, 0x2375, 0x5D19, 0xA6DE, 0x2B11, 0x0023, 0x630D, 0xFFFF, 
  0xFFFF, 0xFFFF, 0xD6BA, 0x10A3, 0x0043, 0x1127, 0x1169, 0x118A, 0x118B, 0x11AB, 0x11AB, 0x11CC, 0x19CC, 0x11EC, 0x1A0D, 0x1A0D, 
  0x1A2D, 0x1A2E, 0x1A2E, 0x1A2E, 0x1A4E, 0x1A4E, 0x1A4E, 0x1A4E, 0x1A6F, 0x1A8F, 0x1A6F, 0x1A6F, 0x1A6F, 0x1A6F, 0x1A6F, 0x1A6F, 
  0x1A6F, 0x2270, 0x1A90, 0x1A6F, 0x1A6F, 0x1A6F, 0x1A6F, 0x1A6F, 0x1A6F, 0x1A6F, 0x1A6F, 0x1A70, 0x1A70, 0x1A90, 0x1A90, 0x1A90, 
  0x1A90, 0x1A90, 0x1A90, 0x1A90, 0x1A90, 0x1A90, 0x1A90, 0x2290, 0x1AB0, 0x1AB1, 0x1A91, 0x1AB1, 0x1AB1, 0x1AB1, 0x1AB1, 0x1AB1, 
  0x1AB1, 0x1AB1, 0x22B1, 0x22B1, 0x22B1, 0x22B1, 0x22B1, 0x22B1, 0x22B1, 0x1AB1, 0x1AB1, 0x1AB1, 0x1AB1, 0x22B1, 0x1AB1, 0x1AB1, 
  0x1AB1, 0x1AB1, 0x1AB1, 0x1AB1, 0x1AB1, 0x1AB1, 0x22B1, 0x22D1, 0x22D1, 0x1AD2, 0x22D2, 0x22B0, 0x2A6D, 0x4ACD, 0x73AF, 0x73AD, 
  0x62EA, 0x5AA9, 0x7BAD, 0x6B2B, 0x5289, 0x736D, 0x9CD2, 0x9CD2, 0xAD55, 0xB575, 0xA513, 0x9C90, 0x738D, 0x4A8A, 0x42CD, 0x3B52, 
  0x2312, 0x22F2, 0x2312, 0x2312, 0x2312, 0x2312, 0x2313, 0x2333, 0x2333, 0x3416, 0x9EBE, 0x5CD8, 0x0107, 0x10A4, 0xDEDB, 0xFFFF, 
  0xFFFF, 0xFFFF, 0xFFFF, 0xC638, 0x18E4, 0x0002, 0x08E6, 0x1148, 0x1149, 0x116A, 0x118A, 0x118B, 0x11AB, 0x11AB, 0x11CB, 0x11CC, 
  0x11EC, 0x19ED, 0x1A0D, 0x1A0D, 0x1A2D, 0x1A2E, 0x1A2E, 0x1A4E, 0x1A4E, 0x1A4F, 0x1A4E, 0x1A4E, 0x1A4E, 0x1A4E, 0x1A4E, 0x1A4F, 
  0x1A6F, 0x1A6F, 0x1A6F, 0x1A6F, 0x1A6F, 0x1A4F, 0x1A4F, 0x1A4F, 0x1A4F, 0x1A6F, 0x1A6F, 0x1A6F, 0x1A6F, 0x1A6F, 0x1A6F, 0x1A70, 
  0x1A8F, 0x1A8F, 0x1A8F, 0x1A90, 0x1A70, 0x1A90, 0x1A90, 0x1A90, 0x1A90, 0x1A90, 0x1A90, 0x1A90, 0x1A90, 0x1AB0, 0x1AB0, 0x1AB1, 
  0x1AB1, 0x1AB1, 0x1AB1, 0x1AB0, 0x1AB0, 0x22B1, 0x22B1, 0x22B1, 0x1AB1, 0x22B1, 0x1AB1, 0x1AB1, 0x22B1, 0x22B1, 0x1AB1, 0x1AB1, 
  0x22B1, 0x1AB1, 0x1AB1, 0x1AB1, 0x1AB1, 0x1AB1, 0x1AB1, 0x22B1, 0x22D1, 0x22D1, 0x22D1, 0x1AD1, 0x22F2, 0x22D2, 0x2290, 0x32D0, 
  0x430F, 0x532E, 0x634D, 0x8C50, 0xAD33, 0x8C4F, 0x8C4F, 0xA4F2, 0xA513, 0xAD54, 0xA554, 0x738E, 0x4A49, 0x7BEF, 0x6B6D, 0x4A69, 
  0x4B2F, 0x2B12, 0x2312, 0x2312, 0x2313, 0x2313, 0x2312, 0x1AF3, 0x33D5, 0x8E5D, 0x6D18, 0x00E8, 0x0863, 0xBDD7, 0xFFFF, 0xFFFF, 
  0xFFFF, 0xFFFF, 0xFFFF, 0xFFFF, 0xE73C, 0x5AEC, 0x0042, 0x0043, 0x08E7, 0x1148, 0x1149, 0x1149, 0x116A, 0x116A, 0x118A, 0x118B, 
  0x11AB, 0x11AB, 0x11CC, 0x11EC, 0x19ED, 0x1A0D, 0x1A0D, 0x1A0D, 0x1A0D, 0x1A0D, 0x1A0D, 0x1A2D, 0x1A2E, 0x1A2E, 0x1A2E, 0x1A4E, 
  0x1A4E, 0x1A4E, 0x1A4E, 0x1A2E, 0x1A2E, 0x1A4E, 0x1A4E, 0x1A4F, 0x1A4F, 0x1A4F, 0x1A4F, 0x1A4E, 0x1A4F, 0x1A4F, 0x1A6F, 0x1A6F, 
  0x1A6F, 0x1A6F, 0x1A6F, 0x1A6F, 0x1A6F, 0x1A6F, 0x1A70, 0x1A70, 0x1A90, 0x1A90, 0x1A90, 0x1A90, 0x1A90, 0x1A90, 0x1A90, 0x1A91, 
  0x1AB1, 0x22B1, 0x22B1, 0x1AB0, 0x1AB1, 0x1AB0, 0x1AB0, 0x22B1, 0x22B1, 0x1AB1, 0x22B1, 0x22B1, 0x22B1, 0x22B1, 0x1AB1, 0x22D1, 
  0x22D1, 0x22D1, 0x1AB1, 0x1AB1, 0x1AB1, 0x1AB1, 0x1AB1, 0x1AD1, 0x22D1, 0x22D1, 0x22D1, 0x22B1, 0x22D1, 0x22D1, 0x22D2, 0x1AD2, 
  0x1AD2, 0x1AB1, 0x22D0, 0x2AD0, 0x32CF, 0x4B2F, 0x5B2E, 0x632D, 0x6B6D, 0x6B4C, 0x6B4C, 0x52AA, 0x4A89, 0x73AE, 0x6B6D, 0x630B, 
  0x738D, 0x63D1, 0x22D1, 0x2312, 0x2312, 0x22F2, 0x2333, 0x4C98, 0x861C, 0x4BF3, 0x0065, 0x2926, 0xC639, 0xFFFF, 0xFFFF, 0xFFFF, 
  0xFFFF, 0xFFFF, 0xFFFF, 0xFFFF, 0xFFFF, 0xFFFF, 0xC618, 0x528B, 0x0863, 0x0023, 0x08A5, 0x1107, 0x1148, 0x1149, 0x1149, 0x1149, 
  0x116A, 0x116A, 0x118A, 0x118B, 0x11AB, 0x11AB, 0x11CC, 0x19CC, 0x19EC, 0x19ED, 0x19ED, 0x1A0D, 0x1A0D, 0x1A0D, 0x1A2D, 0x1A2D, 
  0x1A2D, 0x1A2D, 0x1A0D, 0x1A2D, 0x1A2E, 0x1A2E, 0x1A2E, 0x1A2E, 0x1A2E, 0x1A2E, 0x1A2E, 0x1A4E, 0x1A4E, 0x1A4E, 0x1A4F, 0x1A4F, 
  0x1A4F, 0x1A4F, 0x1A4F, 0x1A6F, 0x1A4F, 0x1A6F, 0x1A6F, 0x1A6F, 0x1A70, 0x1A90, 0x1A90, 0x1A90, 0x1A90, 0x1A90, 0x1A90, 0x1A90, 
  0x1A90, 0x1AB0, 0x1AB0, 0x1A90, 0x1AB1, 0x1AB1, 0x1A90, 0x1AB1, 0x22B1, 0x1AB1, 0x22B1, 0x22B1, 0x22B1, 0x22B1, 0x1AB1, 0x22D1, 
  0x22D1, 0x22D1, 0x22D1, 0x1AB1, 0x22D1, 0x22D1, 0x22D1, 0x22D1, 0x22D1, 0x22D1, 0x22B1, 0x22B1, 0x22D1, 0x22D1, 0x22D1, 0x22D1, 
  0x22D1, 0x22F2, 0x22F2, 0x22F2, 0x1AD2, 0x1AD1, 0x1AB1, 0x1AB1, 0x22B0, 0x2AD0, 0x2AAF, 0x32CF, 0x32CF, 0x2A8D, 0x3AEF, 0x4350, 
  0x4330, 0x3B51, 0x22D2, 0x22F2, 0x2333, 0x3C16, 0x655A, 0x64B7, 0x11AA, 0x0064, 0x6B6E, 0xEF7E, 0xFFFF, 0xFFDF, 0xFFFF, 0xFFFF, 
  0xFFFF, 0xFFFF, 0xFFFF, 0xFFFF, 0xFFFF, 0xFFFF, 0xFFFF, 0xFFFF, 0xD69A, 0x73AF, 0x2146, 0x0023, 0x0023, 0x00A5, 0x1107, 0x1148, 
  0x1149, 0x1149, 0x1169, 0x116A, 0x116A, 0x118A, 0x118B, 0x11AB, 0x11AB, 0x11CC, 0x11CC, 0x11EC, 0x19EC, 0x19ED, 0x19EC, 0x11EC, 
  0x11ED, 0x19ED, 0x1A0D, 0x1A0D, 0x1A0D, 0x1A0D, 0x1A0D, 0x1A0D, 0x1A0D, 0x1A2E, 0x1A2E, 0x1A2E, 0x1A2E, 0x1A2E, 0x1A4E, 0x1A4E, 
  0x1A2E, 0x1A4E, 0x1A2E, 0x1A4E, 0x1A4E, 0x1A4F, 0x1A4F, 0x1A4F, 0x1A6F, 0x1A6F, 0x1A6F, 0x1A6F, 0x1A6F, 0x1A6F, 0x1A70, 0x1A70, 
  0x2290, 0x1A90, 0x1A90, 0x1A90, 0x1A90, 0x1A90, 0x1AB0, 0x22B0, 0x22B0, 0x22B0, 0x22B1, 0x22B1, 0x22B1, 0x22B1, 0x22B1, 0x22B1, 
  0x22B1, 0x22B1, 0x22B1, 0x22B1, 0x22B1, 0x22D1, 0x22D1, 0x22D1, 0x22D1, 0x22D1, 0x22D1, 0x22D1, 0x22D1, 0x22D1, 0x22D1, 0x22D1, 
  0x22D2, 0x22D1, 0x22D1, 0x22D2, 0x22D1, 0x22D1, 0x22D1, 0x22D2, 0x1AF2, 0x22F2, 0x22F2, 0x1AF2, 0x22F2, 0x22F3, 0x1AF2, 0x1AD2, 
  0x1AD2, 0x1AF2, 0x2B74, 0x3BF6, 0x4457, 0x3B93, 0x11CA, 0x08A5, 0x5AED, 0xD69A, 0xFFFF, 0xFFFF, 0xFFFF, 0xFFFF, 0xFFFF, 0xFFFF, 
  0xFFFF, 0xFFFF, 0xFFFF, 0xFFFF, 0xFFFF, 0xFFFF, 0xFFFF, 0xFFFF, 0xFFFF, 0xFFFF, 0xF7BE, 0xB5B6, 0x6B4D, 0x2146, 0x0043, 0x0023, 
  0x0064, 0x08E6, 0x1128, 0x1148, 0x1149, 0x1149, 0x1169, 0x116A, 0x118A, 0x118B, 0x11AB, 0x11AB, 0x11AB, 0x11AB, 0x11AB, 0x11CB, 
  0x11CC, 0x19CC, 0x19EC, 0x11ED, 0x19ED, 0x19ED, 0x19ED, 0x11EC, 0x19ED, 0x1A0D, 0x1A0D, 0x1A0D, 0x1A0D, 0x1A0D, 0x1A0D, 0x1A0D, 
  0x1A2D, 0x1A2E, 0x1A2E, 0x1A2E, 0x1A4E, 0x1A4E, 0x1A4F, 0x1A4F, 0x1A4F, 0x1A4F, 0x1A4F, 0x1A4F, 0x1A4F, 0x1A6F, 0x1A6F, 0x1A70, 
  0x1A70, 0x1A8F, 0x1A90, 0x1A90, 0x1A90, 0x1A90, 0x1A90, 0x1A90, 0x2290, 0x2290, 0x1AB0, 0x22B1, 0x22B1, 0x22B1, 0x22B1, 0x22B1, 
  0x22B1, 0x22B1, 0x22B1, 0x22B1, 0x22B1, 0x22D1, 0x22D1, 0x22D1, 0x22D1, 0x22D1, 0x22D1, 0x22D1, 0x22D1, 0x22D1, 0x22D1, 0x22D1, 
  0x22D1, 0x22D1, 0x22D2, 0x22F2, 0x22D2, 0x22F2, 0x22D1, 0x22D2, 0x22D1, 0x22D1, 0x22F1, 0x22F2, 0x22F2, 0x22F2, 0x2333, 0x2B54, 
  0x3394, 0x2B74, 0x22F1, 0x11EC, 0x0927, 0x2988, 0x7BF0, 0xDEDB, 0xFFFF, 0xFFFF, 0xFFFF, 0xFFFF, 0xFFFF, 0xFFFF, 0xFFFF, 0xFFFF, 
  0xFFFF, 0xFFFF, 0xFFFF, 0xFFFF, 0xFFFF, 0xFFFF, 0xFFFF, 0xFFFF, 0xFFFF, 0xFFFF, 0xFFFF, 0xFFFF, 0xFFFF, 0xF7BE, 0xC618, 0x7C10, 
  0x4229, 0x10E5, 0x0042, 0x0023, 0x0064, 0x00A5, 0x08E7, 0x1128, 0x1128, 0x1149, 0x1149, 0x1169, 0x116A, 0x116A, 0x118A, 0x11AB, 
  0x11AB, 0x11AB, 0x11CB, 0x11AB, 0x11AC, 0x11AB, 0x11AC, 0x11CB, 0x11CC, 0x11CC, 0x11CC, 0x11EC, 0x11EC, 0x11EC, 0x11ED, 0x19ED, 
  0x1A0D, 0x1A0D, 0x1A0D, 0x1A2E, 0x1A2D, 0x1A2E, 0x1A2E, 0x1A2E, 0x1A2E, 0x1A2E, 0x1A2E, 0x1A2E, 0x1A4E, 0x1A4E, 0x1A4F, 0x1A4F, 
  0x1A6F, 0x1A6F, 0x1A6F, 0x1A6F, 0x1A6F, 0x1A6F, 0x1A8F, 0x1A70, 0x1A90, 0x1A90, 0x1A90, 0x1A90, 0x1A90, 0x22B0, 0x1AB0, 0x22B1, 
  0x22B1, 0x22B1, 0x22B1, 0x22B1, 0x22B1, 0x22B1, 0x22D1, 0x22D1, 0x22D1, 0x22D1, 0x22D1, 0x22D1, 0x22D1, 0x22D1, 0x22D1, 0x22D1, 
  0x22D1, 0x22D1, 0x22D1, 0x22D1, 0x22D1, 0x22D2, 0x22D2, 0x22F2, 0x22F2, 0x2312, 0x2B33, 0x2B54, 0x2B33, 0x2312, 0x1AB0, 0x120D, 
  0x096A, 0x1127, 0x31E9, 0x73AF, 0xC5F8, 0xFFDF, 0xFFFF, 0xFFFF, 0xFFFF, 0xFFFF, 0xFFFF, 0xFFFF, 0xFFFF, 0xFFFF, 0xFFFF, 0xFFFF, 
  0xFFFF, 0xFFFF, 0xFFFF, 0xFFFF, 0xFFFF, 0xFFFF, 0xFFFF, 0xFFFF, 0xFFFF, 0xFFFF, 0xFFFF, 0xFFFF, 0xFFFF, 0xFFFF, 0xFFFF, 0xFFFF, 
  0xFFFF, 0xE73C, 0xBDD7, 0x8431, 0x52AB, 0x2967, 0x10A4, 0x0043, 0x0023, 0x0044, 0x0064, 0x00A5, 0x08C7, 0x0907, 0x1128, 0x1149, 
  0x1149, 0x116A, 0x116A, 0x116A, 0x118A, 0x19AB, 0x19AB, 0x11AB, 0x11AB, 0x11AB, 0x11AB, 0x11AB, 0x11CC, 0x11CC, 0x11CC, 0x11CC, 
  0x19EC, 0x19EC, 0x19CD, 0x19ED, 0x11CC, 0x19ED, 0x11ED, 0x19ED, 0x1A0D, 0x1A0D, 0x1A0D, 0x1A0D, 0x1A2D, 0x1A2D, 0x1A2E, 0x1A2E, 
  0x1A2E, 0x1A2E, 0x1A4E, 0x1A4F, 0x1A4F, 0x1A4F, 0x1A4F, 0x1A6F, 0x1A6F, 0x1A6F, 0x1A70, 0x1A70, 0x1A90, 0x1A90, 0x1A90, 0x1A90, 
  0x1A90, 0x1AB0, 0x1AB0, 0x22B0, 0x22B1, 0x22B1, 0x22B1, 0x22D1, 0x22D1, 0x22D1, 0x22D1, 0x22D1, 0x22F2, 0x22F2, 0x22F2, 0x22F2, 
  0x2312, 0x2312, 0x2B12, 0x2B12, 0x2312, 0x22F2, 0x22F2, 0x22D1, 0x1A90, 0x122E, 0x09CC, 0x096A, 0x0929, 0x1948, 0x31E9, 0x630D, 
  0x9CD3, 0xD69A, 0xFFFF, 0xFFFF, 0xFFFF, 0xFFFF, 0xFFFF, 0xFFFF, 0xFFFF, 0xFFFF, 0xFFFF, 0xFFFF, 0xFFFF, 0xFFFF, 0xFFFF, 0xFFFF, 
  0xFFFF, 0xFFFF, 0xFFFF, 0xFFFF, 0xFFFF, 0xFFFF, 0xFFFF, 0xFFFF, 0xFFFF, 0xFFFF, 0xFFFF, 0xFFFF, 0xFFFF, 0xFFFF, 0xFFFF, 0xFFDF, 
  0xFFFF, 0xFFFF, 0xFFFF, 0xFFFF, 0xFFFF, 0xFFDF, 0xDEFB, 0xBDF7, 0x94B3, 0x738E, 0x528B, 0x31C8, 0x2126, 0x10C5, 0x0884, 0x0043, 
  0x0043, 0x0023, 0x0044, 0x0044, 0x0065, 0x0085, 0x00A6, 0x00C6, 0x00E7, 0x08E7, 0x0908, 0x0928, 0x0929, 0x1149, 0x1149, 0x116A, 
  0x116A, 0x116A, 0x116A, 0x118B, 0x118B, 0x11AB, 0x11AB, 0x19AC, 0x19CC, 0x19EC, 0x19ED, 0x1A0D, 0x1A0D, 0x1A0D, 0x1A0D, 0x1A0D, 
  0x1A0E, 0x1A2E, 0x1A2E, 0x1A4E, 0x1A4E, 0x1A4E, 0x1A4E, 0x1A4E, 0x1A4F, 0x1A4F, 0x1A4F, 0x1A6F, 0x1A6F, 0x1A6F, 0x1A6F, 0x2270, 
  0x2290, 0x2290, 0x1A90, 0x1A90, 0x2290, 0x2290, 0x2290, 0x1A90, 0x2290, 0x1A6F, 0x1A6F, 0x1A4E, 0x1A2E, 0x120E, 0x120D, 0x11EC, 
  0x09AB, 0x098B, 0x096A, 0x0129, 0x0128, 0x0908, 0x0907, 0x1128, 0x2188, 0x3A2A, 0x630D, 0x8C51, 0xB5B6, 0xDEFB, 0xFFDF, 0xFFFF, 
  0xFFFF, 0xFFFF, 0xFFFF, 0xFFDF, 0xFFFF, 0xFFFF, 0xFFFF, 0xFFFF, 0xFFFF, 0xFFFF, 0xFFFF, 0xFFFF, 0xFFFF, 0xFFFF, 0xFFFF, 0xFFFF, 
  0xFFFF, 0xFFFF, 0xFFFF, 0xFFFF, 0xFFFF, 0xFFFF, 0xFFFF, 0xFFFF, 0xFFFF, 0xFFFF, 0xFFFF, 0xFFFF, 0xFFFF, 0xFFFF, 0xFFFF, 0xFFFF, 
  0xFFFF, 0xFFFF, 0xFFFF, 0xFFDF, 0xFFFF, 0xFFFF, 0xFFFF, 0xFFFF, 0xFFFF, 0xFFFF, 0xFFFF, 0xFFFF, 0xF79E, 0xE71C, 0xD69A, 0xBDF7, 
  0xAD55, 0x94D3, 0x8431, 0x73AF, 0x632D, 0x52CC, 0x4A6A, 0x3A09, 0x31C8, 0x2987, 0x2147, 0x1926, 0x18E5, 0x10C5, 0x10A5, 0x08A4, 
  0x0884, 0x0084, 0x0064, 0x0064, 0x0064, 0x0064, 0x0064, 0x0064, 0x0065, 0x0065, 0x0065, 0x0085, 0x0085, 0x08E6, 0x0907, 0x0907, 
  0x0907, 0x00A6, 0x00A6, 0x00A6, 0x00A6, 0x00A6, 0x00A6, 0x00A6, 0x00A6, 0x00A6, 0x00A6, 0x00A6, 0x0086, 0x0086, 0x0086, 0x0086, 
  0x00A6, 0x00A6, 0x00A6, 0x00A5, 0x00A6, 0x00A6, 0x08C6, 0x08C6, 0x08E6, 0x10E6, 0x1106, 0x1926, 0x2167, 0x2988, 0x31C9, 0x3A0A, 
  0x4A6B, 0x5AEC, 0x6B6E, 0x8410, 0x94B3, 0xAD76, 0xC638, 0xDEFB, 0xF79E, 0xFFFF, 0xFFFF, 0xFFFF, 0xFFFF, 0xFFFF, 0xFFFF, 0xFFFF, 
  0xFFFF, 0xFFFF, 0xFFFF, 0xFFFF, 0xFFFF, 0xFFFF, 0xFFFF, 0xFFFF, 0xFFFF, 0xFFFF, 0xFFFF, 0xFFFF, 0xFFFF, 0xFFFF, 0xFFFF, 0xFFFF, 
  0xFFFF, 0xFFFF, 0xFFFF, 0xFFFF, 0xFFFF, 0xFFFF, 0xFFFF, 0xFFFF, 0xFFFF, 0xFFFF, 0xFFFF, 0xFFFF, 0xFFFF, 0xFFFF, 0xFFFF, 0xFFFF, 
  0xFFFF, 0xFFFF, 0xFFFF, 0xFFFF, 0xFFFF, 0xFFFF, 0xFFFF, 0xFFFF, 0xFFDF, 0xFFFF, 0xFFFF, 0xFFFF, 0xFFFF, 0xFFFF, 0xFFFF, 0xFFFF, 
  0xFFFF, 0xFFFF, 0xFFFF, 0xFFFF, 0xFFFF, 0xFFFF, 0xFFFF, 0xFFFF, 0xFFFF, 0xFFDF, 0xF7BE, 0xEF7D, 0xEF5D, 0xE71C, 0xDEFB, 0xDEDB, 
  0xD69A, 0xCE79, 0xC639, 0xC618, 0xBDF8, 0xBDD7, 0xB596, 0xB576, 0xAD76, 0xAD55, 0xA535, 0xA514, 0x9CF4, 0x4229, 0x2986, 0x31C7, 
  0x39C8, 0x8C72, 0x9492, 0x9492, 0x9492, 0x9492, 0x9492, 0x9492, 0x9492, 0x9493, 0x94B3, 0x94B3, 0x9CD3, 0x9CF4, 0xA4F4, 0xA514, 
  0xAD35, 0xAD76, 0xB596, 0xB5B7, 0xBDF7, 0xC618, 0xCE59, 0xD67A, 0xD6BA, 0xDEFB, 0xE71C, 0xEF5D, 0xF79E, 0xFFBE, 0xFFFF, 0xFFFF, 
  0xFFFF, 0xFFFF, 0xFFFF, 0xFFFF, 0xFFFF, 0xFFFF, 0xFFFF, 0xFFFF, 0xFFFF, 0xFFFF, 0xFFFF, 0xFFDF, 0xFFFF, 0xFFFF, 0xFFFF, 0xFFFF, 
  0xFFFF, 0xFFFF, 0xFFFF, 0xFFFF, 0xFFFF, 0xFFFF, 0xFFFF, 0xFFFF, 0xFFFF, 0xFFFF, 0xFFFF, 0xFFFF, 0xFFFF, 0xFFFF, 0xFFFF, 0xFFFF, 
  0xFFFF, 0xFFFF, 0xFFFF, 0xFFFF, 0xFFFF, 0xFFFF, 0xFFFF, 0xFFFF, 0xFFFF, 0xFFFF, 0xFFFF, 0xFFFF, 0xFFFF, 0xFFFF, 0xFFFF, 0xFFFF, 
  0xFFFF, 0xFFFF, 0xFFFF, 0xFFFF, 0xFFFF, 0xFFFF, 0xFFFF, 0xFFFF, 0xFFFF, 0xFFFF, 0xFFFF, 0xFFFF, 0xFFFF, 0xFFFF, 0xFFFF, 0xFFFF, 
  0xFFDF, 0xFFDF, 0xFFDF, 0xFFDF, 0xFFDF, 0xFFFF, 0xFFFF, 0xFFFF, 0xFFFF, 0xFFFF, 0xFFFF, 0xFFFF, 0xFFFF, 0xFFFF, 0xFFFF, 0xFFFF, 
  0xFFFF, 0xFFFF, 0xFFFF, 0xFFFF, 0xFFFF, 0xFFFF, 0xFFFF, 0xFFFF, 0xFFFF, 0xFFFF, 0xFFFF, 0xFFFF, 0xFFFF, 0x8C51, 0x7BF0, 0x7BEF, 
  0x7BEF, 0xEF9D, 0xFFFF, 0xFFFF, 0xFFFF, 0xFFFF, 0xFFFF, 0xFFFF, 0xFFFF, 0xFFFF, 0xFFFF, 0xFFFF, 0xFFFF, 0xFFFF, 0xFFFF, 0xFFFF, 
  0xFFFF, 0xFFFF, 0xFFFF, 0xFFFF, 0xFFFF, 0xFFFF, 0xFFFF, 0xFFFF, 0xFFFF, 0xFFFF, 0xFFFF, 0xFFFF, 0xFFFF, 0xFFFF, 0xFFFF, 0xFFFF, 
  0xFFFF, 0xFFFF, 0xFFDF, 0xFFDF, 0xFFDF, 0xFFFF, 0xFFFF, 0xFFFF, 0xFFFF, 0xFFFF, 0xFFFF, 0xFFFF, 0xFFFF, 0xFFFF, 0xFFFF, 0xFFFF, 
  0xFFFF, 0xFFFF, 0xFFFF, 0xFFFF, 0xFFFF, 0xFFFF, 0xFFFF, 0xFFFF, 0xFFFF, 0xFFFF, 0xFFFF, 0xFFFF, 0xFFFF, 0xFFFF, 0xFFFF, 0xFFFF, 
};

#endif // __GUITAR_H__
